orf,strand,frame,start,length,gc_content,stop_codon
orf0001,+,2,353,2463,0.528,TGA
orf0002,+,0,2817,933,0.563,TAA
orf0003,+,0,3750,1287,0.531,TAA
orf0004,+,2,7382,408,0.559,TGA
orf0005,+,1,8254,954,0.517,TAA
orf0006,+,1,9322,588,0.539,TAA
orf0007,+,1,10846,516,0.475,TAA
orf0008,+,2,12179,1917,0.514,TAA
orf0009,+,0,14184,1131,0.551,TAA
orf0010,+,1,16231,1092,0.516,TGA
orf0011,+,0,17382,906,0.476,TAA
orf0012,+,1,25102,366,0.475,TGA
orf0013,+,2,25817,942,0.535,TAA
orf0014,+,2,26801,2817,0.557,TGA
orf0015,+,1,29617,495,0.533,TAA
orf0016,+,1,30199,450,0.553,TAA
orf0017,+,2,30650,951,0.552,TAA
orf0018,+,1,31666,915,0.556,TAA
orf0019,+,2,32747,822,0.529,TAA
orf0020,+,1,34129,1044,0.536,TAA
orf0021,+,0,35190,3222,0.559,TAA
orf0022,+,1,36685,369,0.55,TAA
orf0023,+,2,38672,396,0.46,TAA
orf0024,+,2,39851,459,0.569,TAA
orf0025,+,2,40901,486,0.529,TGA
orf0026,+,0,42720,549,0.523,TAA
orf0027,+,2,43550,375,0.573,TAA
orf0028,+,2,44075,354,0.503,TGA
orf0029,+,0,46752,834,0.511,TAA
orf0030,+,2,47600,942,0.559,TGA
orf0031,+,1,48592,1287,0.549,TGA
orf0032,+,0,50220,1332,0.534,TAA
orf0033,+,2,51659,531,0.548,TAG
orf0034,+,0,52182,1863,0.558,TAA
orf0035,+,2,54101,615,0.52,TAA
orf0036,+,2,55037,315,0.457,TAA
orf0037,+,1,56134,387,0.514,TGA
orf0038,+,1,59020,525,0.539,TAA
orf0039,+,2,61289,648,0.528,TAA
orf0040,+,1,62338,816,0.528,TGA
orf0041,+,1,63448,753,0.418,TGA
orf0042,+,0,65295,492,0.539,TAA
orf0043,+,0,65853,378,0.54,TGA
orf0044,+,0,67707,396,0.545,TAA
orf0045,+,1,68605,465,0.546,TGA
orf0046,+,1,69139,672,0.558,TAA
orf0047,+,0,70926,312,0.567,TAG
orf0048,+,1,73093,399,0.549,TAA
orf0049,+,2,73814,327,0.587,TAA
orf0050,+,0,73995,450,0.596,TAA
orf0051,+,2,74276,441,0.59,TGA
orf0052,+,1,75181,930,0.522,TAA
orf0053,+,2,76196,765,0.544,TAG
orf0054,+,0,76503,318,0.569,TGA
orf0055,+,0,78120,438,0.603,TGA
orf0056,+,0,80670,570,0.432,TGA
orf0057,+,0,81795,321,0.533,TAA
orf0058,+,2,84833,327,0.575,TGA
orf0059,+,1,84874,489,0.573,TGA
orf0060,+,1,85681,384,0.513,TGA
orf0061,+,2,87530,390,0.541,TAA
orf0062,+,0,87954,342,0.506,TAA
orf0063,+,1,88888,1029,0.451,TAA
orf0064,+,0,90150,1809,0.524,TGA
orf0065,+,2,91961,492,0.494,TGA
orf0066,+,1,92746,891,0.554,TAA
orf0067,+,2,92987,405,0.553,TGA
orf0068,+,2,94238,459,0.523,TAA
orf0069,+,0,94599,1041,0.543,TGA
orf0070,+,2,95636,366,0.505,TAA
orf0071,+,2,96017,1767,0.537,TAA
orf0072,+,0,97842,1416,0.561,TGA
orf0073,+,2,99254,1359,0.547,TAG
orf0074,+,1,100606,1083,0.531,TAA
orf0075,+,0,101691,1317,0.552,TGA
orf0076,+,2,103007,1245,0.529,TGA
orf0077,+,1,104248,1068,0.56,TAA
orf0078,+,0,105369,1476,0.546,TGA
orf0079,+,1,106837,921,0.517,TAA
orf0080,+,2,107759,831,0.535,TGA
orf0081,+,1,108586,1263,0.523,TAA
orf0082,+,1,109909,1152,0.543,TAA
orf0083,+,2,111161,918,0.512,TAA
orf0084,+,1,112378,444,0.55,TAA
orf0085,+,2,112883,2706,0.522,TAA
orf0086,+,1,115648,399,0.484,TAA
orf0087,+,2,117932,1044,0.51,TAA
orf0088,+,2,123221,552,0.54,TGA
orf0089,+,1,123769,855,0.52,TAA
orf0090,+,1,126580,765,0.554,TAG
orf0091,+,2,127505,2664,0.531,TAA
orf0092,+,1,130183,1893,0.547,TAA
orf0093,+,1,132280,1428,0.525,TAA
orf0094,+,0,134922,336,0.524,TGA
orf0095,+,2,135833,2751,0.553,TAA
orf0096,+,0,138711,411,0.526,TAA
orf0097,+,1,141454,1551,0.542,TAA
orf0098,+,2,145790,549,0.499,TAA
orf0099,+,0,147150,927,0.493,TGA
orf0100,+,2,148073,771,0.51,TAA
orf0101,+,1,148948,441,0.492,TAA
orf0102,+,1,149452,1230,0.493,TAA
orf0103,+,1,151339,897,0.486,TAA
orf0104,+,2,153008,375,0.579,TAA
orf0105,+,2,157475,423,0.496,TAG
orf0106,+,1,163702,414,0.522,TAG
orf0107,+,1,166381,2475,0.566,TAA
orf0108,+,1,169051,2535,0.549,TAA
orf0109,+,1,171805,2244,0.516,TAA
orf0110,+,2,172508,393,0.511,TAG
orf0111,+,0,174099,798,0.568,TGA
orf0112,+,2,174896,891,0.545,TGA
orf0113,+,1,175858,1908,0.603,TAA
orf0114,+,2,177929,414,0.575,TAG
orf0115,+,2,178877,417,0.453,TAA
orf0116,+,1,179305,1422,0.541,TGA
orf0117,+,1,180808,345,0.51,TAA
orf0118,+,0,183435,1518,0.478,TAA
orf0119,+,0,185082,1425,0.538,TAA
orf0120,+,1,186661,1158,0.528,TAG
orf0121,+,2,192284,300,0.503,TAG
orf0122,+,0,193359,726,0.514,TAA
orf0123,+,2,194342,852,0.498,TAA
orf0124,+,1,195340,726,0.529,TAA
orf0125,+,0,196251,522,0.515,TGA
orf0126,+,1,196864,1197,0.526,TGA
orf0127,+,0,198249,759,0.497,TGA
orf0128,+,0,199128,750,0.504,TAA
orf0129,+,2,199889,1353,0.508,TGA
orf0130,+,1,201271,2433,0.505,TAA
orf0131,+,1,203740,570,0.496,TAA
orf0132,+,1,204313,1026,0.529,TAA
orf0133,+,0,206253,438,0.548,TAA
orf0134,+,2,206690,1149,0.537,TGA
orf0135,+,1,207835,597,0.566,TGA
orf0136,+,1,208468,3483,0.55,TAA
orf0137,+,1,211963,960,0.529,TAA
orf0138,+,0,213021,2142,0.51,TAA
orf0139,+,1,213199,540,0.502,TGA
orf0140,+,2,215219,390,0.518,TAA
orf0141,+,0,215673,1296,0.586,TAG
orf0142,+,2,217634,459,0.547,TAG
orf0143,+,1,218176,411,0.545,TAA
orf0144,+,2,218600,711,0.523,TAA
orf0145,+,2,220421,309,0.515,TAG
orf0146,+,1,221614,378,0.532,TAA
orf0147,+,1,226276,462,0.509,TGA
orf0148,+,1,232495,804,0.464,TAA
orf0149,+,0,234471,780,0.523,TAA
orf0150,+,2,235328,771,0.49,TAA
orf0151,+,2,236159,321,0.511,TAA
orf0152,+,0,238365,723,0.492,TAA
orf0153,+,0,239607,741,0.511,TAA
orf0154,+,0,240885,801,0.423,TAA
orf0155,+,0,247032,606,0.584,TAA
orf0156,+,0,248544,336,0.562,TAA
orf0157,+,2,250304,615,0.605,TAG
orf0158,+,0,251997,315,0.59,TGA
orf0159,+,1,252037,651,0.605,TGA
orf0160,+,1,252796,555,0.591,TAG
orf0161,+,0,252996,315,0.584,TAG
orf0162,+,0,255252,345,0.551,TGA
orf0163,+,1,258817,426,0.547,TAA
orf0164,+,0,259479,315,0.53,TAA
orf0165,+,0,264132,519,0.539,TAA
orf0166,+,2,264860,2142,0.556,TGA
orf0167,+,2,267077,4215,0.612,TAG
orf0168,+,0,269811,336,0.649,TGA
orf0169,+,1,271294,612,0.379,TAG
orf0170,+,0,272244,300,0.267,TAA
orf0171,+,2,272651,1137,0.418,TAA
orf0172,+,0,272832,405,0.422,TAA
orf0173,+,1,274234,1317,0.542,TAG
orf0174,+,1,276475,894,0.378,TAA
orf0175,+,1,278410,474,0.502,TAA
orf0176,+,0,279117,540,0.554,TAG
orf0177,+,1,279745,483,0.536,TGA
orf0178,+,1,280885,420,0.569,TAA
orf0179,+,0,281448,741,0.487,TAA
orf0180,+,2,282293,768,0.527,TGA
orf0181,+,0,284652,774,0.522,TAG
orf0182,+,1,286216,1032,0.584,TAA
orf0183,+,1,287515,450,0.576,TAA
orf0184,+,2,288209,504,0.522,TAA
orf0185,+,0,288783,1056,0.539,TGA
orf0186,+,2,290186,399,0.431,TGA
orf0187,+,2,290594,453,0.442,TAA
orf0188,+,2,292193,789,0.527,TAA
orf0189,+,1,293863,459,0.516,TAA
orf0190,+,2,294413,1245,0.534,TAA
orf0191,+,2,295715,402,0.5,TGA
orf0192,+,0,297498,1104,0.558,TAA
orf0193,+,2,298613,1254,0.547,TAA
orf0194,+,2,303011,354,0.463,TGA
orf0195,+,1,303397,609,0.443,TGA
orf0196,+,0,304020,300,0.537,TGA
orf0197,+,2,304316,312,0.462,TGA
orf0198,+,1,304609,813,0.481,TAA
orf0199,+,0,305421,594,0.493,TAG
orf0200,+,2,306854,591,0.497,TGA
orf0201,+,0,309099,744,0.352,TGA
orf0202,+,2,310754,1233,0.448,TAA
orf0203,+,1,312379,618,0.306,TAA
orf0204,+,0,312996,459,0.318,TGA
orf0205,+,1,313429,651,0.286,TAA
orf0206,+,0,314700,567,0.339,TAA
orf0207,+,1,318445,558,0.529,TGA
orf0208,+,2,319220,324,0.556,TAA
orf0209,+,0,319500,2391,0.523,TAA
orf0210,+,2,324653,723,0.497,TGA
orf0211,+,2,327581,1149,0.533,TAA
orf0212,+,2,328805,1194,0.572,TAG
orf0213,+,2,330125,321,0.604,TGA
orf0214,+,0,331350,324,0.586,TAG
orf0215,+,1,331441,345,0.574,TAA
orf0216,+,1,335398,615,0.452,TAA
orf0217,+,2,341687,495,0.558,TAG
orf0218,+,1,345448,381,0.517,TGA
orf0219,+,0,345825,348,0.586,TAA
orf0220,+,1,346222,1539,0.585,TAA
orf0221,+,2,350963,990,0.429,TGA
orf0222,+,1,352951,456,0.491,TAA
orf0223,+,2,353930,4254,0.524,TAA
orf0224,+,1,359395,885,0.432,TGA
orf0225,+,0,362940,855,0.506,TGA
orf0226,+,1,364372,669,0.513,TGA
orf0227,+,2,365051,1428,0.501,TAA
orf0228,+,0,366324,843,0.518,TGA
orf0229,+,1,373426,621,0.565,TAA
orf0230,+,2,375101,528,0.591,TGA
orf0231,+,2,377126,2034,0.554,TGA
orf0232,+,2,379667,4050,0.495,TGA
orf0233,+,2,383858,1089,0.458,TGA
orf0234,+,1,386776,606,0.46,TAA
orf0235,+,1,387676,609,0.452,TAA
orf0236,+,2,388274,1548,0.559,TGA
orf0237,+,1,389821,1419,0.586,TGA
orf0238,+,1,391258,465,0.551,TAA
orf0239,+,2,391754,951,0.567,TAA
orf0240,+,2,392714,1383,0.563,TGA
orf0241,+,0,394395,411,0.45,TAG
orf0242,+,1,395056,987,0.479,TAA
orf0243,+,1,396463,1113,0.509,TGA
orf0244,+,2,397568,972,0.508,TGA
orf0245,+,1,398536,957,0.515,TAA
orf0246,+,0,399579,1050,0.533,TGA
orf0247,+,1,399985,300,0.587,TGA
orf0248,+,2,400871,816,0.39,TAG
orf0249,+,2,405380,891,0.562,TAA
orf0250,+,1,406426,1170,0.56,TAA
orf0251,+,2,406748,312,0.574,TGA
orf0252,+,1,407629,1452,0.561,TAA
orf0253,+,1,409120,1887,0.582,TAA
orf0254,+,2,409691,450,0.602,TGA
orf0255,+,0,411978,1182,0.538,TAA
orf0256,+,1,413134,1299,0.533,TGA
orf0257,+,2,415883,351,0.59,TAA
orf0258,+,0,415947,321,0.567,TGA
orf0259,+,2,416264,471,0.52,TGA
orf0260,+,1,416740,1182,0.58,TGA
orf0261,+,1,420832,312,0.596,TGA
orf0262,+,2,420956,396,0.556,TAA
orf0263,+,2,424592,339,0.507,TAA
orf0264,+,1,426799,327,0.492,TAA
orf0265,+,1,427210,1665,0.569,TGA
orf0266,+,2,428876,945,0.572,TGA
orf0267,+,1,429823,882,0.543,TAA
orf0268,+,1,430714,810,0.556,TGA
orf0269,+,0,431520,951,0.547,TGA
orf0270,+,2,432467,1014,0.565,TAA
orf0271,+,0,433611,1257,0.57,TGA
orf0272,+,2,434153,330,0.561,TAA
orf0273,+,2,434969,540,0.476,TAA
orf0274,+,2,436892,771,0.537,TGA
orf0275,+,0,438969,333,0.486,TAG
orf0276,+,0,444090,360,0.575,TAG
orf0277,+,1,446233,963,0.56,TAA
orf0278,+,1,447208,768,0.564,TGA
orf0279,+,0,447972,828,0.587,TGA
orf0280,+,2,448796,852,0.542,TAA
orf0281,+,0,451254,2943,0.467,TAA
orf0282,+,0,454239,669,0.404,TAA
orf0283,+,0,456417,1221,0.509,TAA
orf0284,+,0,457650,1095,0.532,TGA
orf0285,+,2,461600,1341,0.539,TAA
orf0286,+,0,463041,339,0.478,TGA
orf0287,+,2,463481,1116,0.539,TGA
orf0288,+,0,464760,756,0.542,TAG
orf0289,+,2,465542,459,0.56,TAA
orf0290,+,1,466183,525,0.524,TGA
orf0291,+,1,467206,678,0.466,TAA
orf0292,+,2,468383,2280,0.423,TGA
orf0293,+,1,470659,450,0.449,TAG
orf0294,+,2,471602,318,0.5,TGA
orf0295,+,2,472103,1035,0.544,TAA
orf0296,+,1,479122,690,0.543,TAA
orf0297,+,1,480055,1110,0.532,TAA
orf0298,+,2,481571,1320,0.556,TAA
orf0299,+,2,482966,1374,0.528,TAA
orf0300,+,1,484495,1818,0.547,TAA
orf0301,+,2,486500,1446,0.368,TAG
orf0302,+,0,488640,1071,0.542,TAA
orf0303,+,1,489034,318,0.56,TAG
orf0304,+,0,489765,1128,0.514,TAA
orf0305,+,1,490915,333,0.495,TAA
orf0306,+,1,491308,1815,0.534,TGA
orf0307,+,2,493088,1017,0.519,TAA
orf0308,+,0,494859,348,0.471,TGA
orf0309,+,0,497256,450,0.509,TAA
orf0310,+,0,497727,1086,0.562,TGA
orf0311,+,1,498850,522,0.523,TGA
orf0312,+,1,499888,978,0.547,TAA
orf0313,+,2,500843,516,0.529,TAA
orf0314,+,0,505860,384,0.549,TAA
orf0315,+,0,506571,402,0.537,TAA
orf0316,+,1,507601,1449,0.518,TAA
orf0317,+,0,509157,633,0.57,TGA
orf0318,+,1,509467,309,0.589,TAA
orf0319,+,0,510717,510,0.496,TAA
orf0320,+,1,512044,348,0.537,TAG
orf0321,+,0,514350,381,0.514,TAG
orf0322,+,1,514744,432,0.519,TAG
orf0323,+,1,515560,441,0.517,TGA
orf0324,+,1,516718,300,0.52,TGA
orf0325,+,2,517361,306,0.451,TAA
orf0326,+,2,518708,438,0.537,TAA
orf0327,+,2,519596,600,0.53,TAA
orf0328,+,0,520491,351,0.481,TAA
orf0329,+,1,521185,1299,0.51,TAA
orf0330,+,2,522728,624,0.503,TGA
orf0331,+,1,523477,1275,0.517,TAA
orf0332,+,2,524939,2355,0.522,TAG
orf0333,+,2,527966,1872,0.52,TAA
orf0334,+,2,529988,372,0.546,TAA
orf0335,+,2,530465,399,0.459,TAA
orf0336,+,0,533475,819,0.51,TAA
orf0337,+,1,534445,459,0.521,TAA
orf0338,+,0,535020,1686,0.54,TAG
orf0339,+,1,536593,1887,0.561,TGA
orf0340,+,1,538660,339,0.51,TAA
orf0341,+,0,539028,1287,0.554,TAA
orf0342,+,0,540639,495,0.545,TAA
orf0343,+,1,541441,573,0.543,TAA
orf0344,+,2,542339,339,0.516,TAA
orf0345,+,0,542736,354,0.497,TAG
orf0346,+,1,548680,363,0.543,TGA
orf0347,+,2,551825,648,0.449,TAA
orf0348,+,0,552600,3363,0.519,TAA
orf0349,+,0,556776,378,0.524,TGA
orf0350,+,2,557306,552,0.538,TAA
orf0351,+,1,557986,1932,0.576,TGA
orf0352,+,2,559970,330,0.518,TGA
orf0353,+,1,560299,606,0.573,TAA
orf0354,+,2,561014,1875,0.527,TGA
orf0355,+,2,563009,705,0.506,TAA
orf0356,+,1,563845,963,0.539,TAA
orf0357,+,1,565915,1305,0.52,TAA
orf0358,+,1,567280,405,0.533,TGA
orf0359,+,1,570703,1653,0.508,TAA
orf0360,+,2,573953,396,0.432,TAA
orf0361,+,0,574554,648,0.585,TGA
orf0362,+,0,575274,486,0.595,TGA
orf0363,+,0,576168,453,0.578,TAA
orf0364,+,0,577329,933,0.537,TGA
orf0365,+,2,578264,1293,0.538,TAA
orf0366,+,1,578308,324,0.583,TGA
orf0367,+,0,579894,1356,0.515,TAA
orf0368,+,0,581352,4386,0.588,TAG
orf0369,+,1,584491,336,0.616,TGA
orf0370,+,0,587409,14412,0.612,TAG
orf0371,+,0,601824,2163,0.571,TGA
orf0372,+,2,603983,1176,0.568,TGA
orf0373,+,1,605155,408,0.564,TGA
orf0374,+,0,606651,480,0.502,TAA
orf0375,+,0,607656,363,0.441,TAA
orf0376,+,2,608654,324,0.543,TGA
orf0377,+,1,609715,678,0.454,TAA
orf0378,+,2,610352,807,0.465,TGA
orf0379,+,1,611155,801,0.579,TAA
orf0380,+,0,613359,372,0.559,TGA
orf0381,+,2,613529,687,0.569,TGA
orf0382,+,1,614212,2415,0.578,TGA
orf0383,+,1,617056,4197,0.611,TAA
orf0384,+,2,625043,483,0.507,TGA
orf0385,+,1,625603,816,0.531,TAG
orf0386,+,0,626508,1782,0.536,TAA
orf0387,+,0,628302,777,0.449,TAA
orf0388,+,1,629179,879,0.506,TGA
orf0389,+,1,630226,1392,0.476,TGA
orf0390,+,1,631654,891,0.534,TAG
orf0391,+,1,632551,465,0.49,TAA
orf0392,+,0,633072,1302,0.514,TAA
orf0393,+,0,634395,1146,0.564,TGA
orf0394,+,1,639187,1668,0.559,TAA
orf0395,+,1,640864,1260,0.572,TGA
orf0396,+,2,642134,816,0.566,TGA
orf0397,+,0,642318,312,0.58,TAA
orf0398,+,1,642946,894,0.569,TAG
orf0399,+,0,643842,357,0.569,TGA
orf0400,+,1,644314,309,0.566,TAA
orf0401,+,2,645044,312,0.593,TAA
orf0402,+,1,647062,1386,0.547,TAA
orf0403,+,2,650663,543,0.446,TAA
orf0404,+,2,651425,693,0.421,TAA
orf0405,+,2,652148,2610,0.477,TAA
orf0406,+,2,654770,1008,0.451,TGA
orf0407,+,0,655662,642,0.506,TAA
orf0408,+,1,659533,303,0.574,TAG
orf0409,+,1,666586,939,0.608,TGA
orf0410,+,0,668937,531,0.606,TGA
orf0411,+,0,670893,948,0.588,TAA
orf0412,+,1,671608,372,0.567,TAG
orf0413,+,1,672271,369,0.545,TAA
orf0414,+,1,673837,474,0.582,TAG
orf0415,+,1,674356,948,0.58,TGA
orf0416,+,0,676896,318,0.541,TAA
orf0417,+,1,677608,438,0.562,TAA
orf0418,+,1,678259,1383,0.514,TAA
orf0419,+,0,679665,333,0.453,TAA
orf0420,+,0,680013,1224,0.559,TGA
orf0421,+,2,681248,3138,0.553,TAA
orf0422,+,1,684637,1227,0.533,TAA
orf0423,+,1,687361,558,0.522,TAA
orf0424,+,1,691870,390,0.533,TGA
orf0425,+,1,693040,384,0.544,TAA
orf0426,+,1,693457,561,0.565,TAA
orf0427,+,0,694470,1125,0.543,TGA
orf0428,+,1,695686,4008,0.563,TAA
orf0429,+,2,698513,330,0.576,TGA
orf0430,+,2,698939,546,0.571,TGA
orf0431,+,0,699909,1134,0.446,TAA
orf0432,+,2,701321,378,0.566,TAA
orf0433,+,2,702035,474,0.565,TGA
orf0434,+,1,703531,372,0.57,TAG
orf0435,+,2,703955,1251,0.582,TAA
orf0436,+,1,706354,1176,0.563,TAA
orf0437,+,1,707539,1611,0.557,TGA
orf0438,+,2,709163,858,0.552,TAA
orf0439,+,1,710020,747,0.577,TAA
orf0440,+,0,710769,414,0.582,TGA
orf0441,+,0,711363,2106,0.568,TAA
orf0442,+,1,715054,1161,0.542,TAG
orf0443,+,1,719134,306,0.379,TAA
orf0444,+,0,720414,564,0.5,TAA
orf0445,+,2,721076,1596,0.525,TAA
orf0446,+,0,723441,1239,0.504,TGA
orf0447,+,1,723742,303,0.508,TGA
orf0448,+,2,724760,462,0.511,TAA
orf0449,+,0,726123,306,0.48,TAA
orf0450,+,2,729356,777,0.573,TGA
orf0451,+,2,730286,465,0.568,TAA
orf0452,+,1,732217,405,0.541,TAA
orf0453,+,1,732682,300,0.513,TAA
orf0454,+,2,733589,1659,0.5,TGA
orf0455,+,0,735216,681,0.507,TGA
orf0456,+,1,737911,561,0.465,TGA
orf0457,+,2,739385,789,0.541,TGA
orf0458,+,2,740807,849,0.516,TAA
orf0459,+,0,741204,420,0.536,TAG
orf0460,+,1,746218,438,0.55,TGA
orf0461,+,1,747982,879,0.534,TAA
orf0462,+,2,749636,444,0.586,TAA
orf0463,+,0,753525,1680,0.54,TAA
orf0464,+,0,755346,654,0.534,TAG
orf0465,+,1,756376,483,0.526,TAA
orf0466,+,0,757272,588,0.469,TAA
orf0467,+,0,758070,708,0.453,TGA
orf0468,+,2,758774,1428,0.472,TGA
orf0469,+,1,760867,708,0.479,TGA
orf0470,+,0,761571,453,0.45,TAA
orf0471,+,0,762186,837,0.481,TGA
orf0472,+,1,768562,342,0.456,TAA
orf0473,+,0,771111,420,0.512,TAA
orf0474,+,1,771658,312,0.522,TAG
orf0475,+,1,773134,567,0.54,TGA
orf0476,+,2,773354,483,0.532,TAA
orf0477,+,0,774273,429,0.569,TAG
orf0478,+,1,775261,1176,0.563,TAG
orf0479,+,1,779965,435,0.501,TAA
orf0480,+,0,780876,756,0.54,TGA
orf0481,+,2,782021,378,0.54,TAA
orf0482,+,0,782526,321,0.517,TGA
orf0483,+,1,782938,543,0.488,TAA
orf0484,+,0,783966,1947,0.548,TAA
orf0485,+,1,786115,1665,0.524,TAA
orf0486,+,0,788358,480,0.502,TAG
orf0487,+,2,788855,909,0.515,TGA
orf0488,+,0,789813,327,0.495,TAA
orf0489,+,2,791111,384,0.492,TGA
orf0490,+,1,792274,387,0.512,TGA
orf0491,+,2,793010,546,0.493,TAA
orf0492,+,0,793581,1641,0.551,TAA
orf0493,+,1,797356,348,0.48,TGA
orf0494,+,2,802121,402,0.565,TAA
orf0495,+,1,802873,306,0.565,TAA
orf0496,+,2,803774,876,0.574,TGA
orf0497,+,0,804528,564,0.582,TGA
orf0498,+,1,805693,327,0.563,TAA
orf0499,+,0,805806,492,0.561,TGA
orf0500,+,1,806947,342,0.515,TAG
orf0501,+,0,808008,4200,0.595,TGA
orf0502,+,0,812232,543,0.374,TAA
orf0503,+,0,814542,405,0.422,TAA
orf0504,+,2,814640,858,0.432,TAA
orf0505,+,0,815646,510,0.5,TGA
orf0506,+,2,816152,1419,0.537,TAA
orf0507,+,1,819472,744,0.535,TAA
orf0508,+,2,820355,540,0.57,TGA
orf0509,+,1,820888,933,0.558,TGA
orf0510,+,2,821810,735,0.567,TAA
orf0511,+,1,822580,792,0.521,TAG
orf0512,+,1,825103,471,0.497,TAG
orf0513,+,2,826409,750,0.556,TAA
orf0514,+,2,830423,306,0.51,TGA
orf0515,+,2,831806,405,0.489,TAA
orf0516,+,1,832204,348,0.517,TGA
orf0517,+,0,832551,1767,0.559,TAA
orf0518,+,0,834333,717,0.517,TAA
orf0519,+,0,835350,2802,0.556,TAA
orf0520,+,2,838166,1218,0.557,TAG
orf0521,+,2,839477,1167,0.548,TAA
orf0522,+,1,840643,870,0.53,TAA
orf0523,+,1,842179,906,0.445,TAA
orf0524,+,1,846244,423,0.447,TAG
orf0525,+,0,847281,603,0.532,TGA
orf0526,+,1,847429,342,0.547,TAG
orf0527,+,0,850965,378,0.458,TGA
orf0528,+,2,852137,396,0.535,TAA
orf0529,+,1,852799,369,0.509,TAA
orf0530,+,0,855960,1572,0.529,TAA
orf0531,+,0,857547,1140,0.539,TAA
orf0532,+,2,859667,684,0.501,TAA
orf0533,+,2,860354,429,0.515,TAA
orf0534,+,0,861006,1026,0.526,TAA
orf0535,+,0,862161,1296,0.533,TGA
orf0536,+,1,863491,522,0.513,TAA
orf0537,+,1,864022,792,0.495,TAA
orf0538,+,1,865948,1044,0.509,TAA
orf0539,+,2,867029,720,0.478,TAA
orf0540,+,1,867097,390,0.487,TGA
orf0541,+,1,868843,372,0.519,TAA
orf0542,+,0,869496,1053,0.516,TAA
orf0543,+,2,872957,318,0.557,TGA
orf0544,+,2,873545,657,0.521,TAG
orf0545,+,2,875066,723,0.544,TAA
orf0546,+,2,876212,543,0.508,TAA
orf0547,+,0,878961,774,0.505,TAA
orf0548,+,2,879734,690,0.541,TAA
orf0549,+,1,880426,1059,0.534,TGA
orf0550,+,2,882458,996,0.546,TAA
orf0551,+,0,884631,1053,0.487,TGA
orf0552,+,0,885759,1434,0.499,TAA
orf0553,+,2,887375,2262,0.512,TAA
orf0554,+,2,892907,603,0.386,TGA
orf0555,+,2,895700,357,0.541,TGA
orf0556,+,1,896392,624,0.492,TGA
orf0557,+,0,897012,666,0.45,TGA
orf0558,+,1,899245,768,0.452,TAA
orf0559,+,1,900181,759,0.364,TAA
orf0560,+,1,902020,498,0.514,TGA
orf0561,+,0,902514,468,0.517,TGA
orf0562,+,2,903332,306,0.572,TAG
orf0563,+,0,903417,390,0.479,TGA
orf0564,+,1,903796,492,0.516,TAA
orf0565,+,0,904287,2103,0.545,TGA
orf0566,+,1,905206,363,0.523,TAA
orf0567,+,1,906598,1053,0.54,TAA
orf0568,+,2,907745,363,0.545,TAA
orf0569,+,0,907956,2124,0.514,TAA
orf0570,+,2,910166,324,0.512,TGA
orf0571,+,2,910769,579,0.56,TGA
orf0572,+,1,911332,414,0.536,TAA
orf0573,+,2,911687,813,0.555,TAA
orf0574,+,2,912557,390,0.528,TGA
orf0575,+,1,912955,330,0.558,TGA
orf0576,+,2,913256,3066,0.535,TAA
orf0577,+,1,916321,330,0.524,TAG
orf0578,+,1,916660,699,0.561,TAA
orf0579,+,0,917364,744,0.591,TAA
orf0580,+,2,918005,648,0.593,TGA
orf0581,+,2,918713,3414,0.563,TGA
orf0582,+,0,922197,600,0.542,TGA
orf0583,+,2,922856,1317,0.582,TGA
orf0584,+,0,923145,426,0.559,TAG
orf0585,+,0,924054,390,0.492,TAA
orf0586,+,2,924620,981,0.338,TAA
orf0587,+,2,925634,1020,0.438,TGA
orf0588,+,1,927481,882,0.399,TAG
orf0589,+,0,928593,699,0.441,TAG
orf0590,+,1,930529,489,0.575,TGA
orf0591,+,0,931188,327,0.557,TAG
orf0592,+,2,931709,1041,0.542,TGA
orf0593,+,1,932746,1155,0.579,TAA
orf0594,+,2,933848,795,0.565,TAA
orf0595,+,0,934929,384,0.552,TAG
orf0596,+,2,935891,2022,0.53,TGA
orf0597,+,0,939339,1059,0.539,TAA
orf0598,+,0,940419,513,0.52,TAA
orf0599,+,2,940934,486,0.562,TAA
orf0600,+,1,941659,453,0.572,TAG
orf0601,+,1,942166,786,0.477,TAA
orf0602,+,1,943159,714,0.423,TAG
orf0603,+,2,945494,450,0.562,TAG
orf0604,+,1,946438,468,0.515,TAG
orf0605,+,1,946996,411,0.545,TGA
orf0606,+,2,948473,333,0.544,TAA
orf0607,+,1,949669,441,0.544,TAG
orf0608,+,0,953238,1368,0.563,TAA
orf0609,+,1,954004,327,0.535,TGA
orf0610,+,1,955213,2013,0.348,TAA
orf0611,+,2,957509,2151,0.538,TAA
orf0612,+,2,959687,963,0.558,TAA
orf0613,+,1,960790,1086,0.558,TAA
orf0614,+,2,960956,453,0.574,TGA
orf0615,+,0,962541,312,0.49,TGA
orf0616,+,0,965103,735,0.55,TGA
orf0617,+,2,966782,927,0.543,TAA
orf0618,+,1,968440,681,0.511,TAA
orf0619,+,1,969511,327,0.569,TGA
orf0620,+,0,970497,339,0.499,TAG
orf0621,+,2,972707,486,0.494,TGA
orf0622,+,1,974755,516,0.514,TAA
orf0623,+,1,977488,468,0.532,TGA
orf0624,+,0,977952,1119,0.522,TAA
orf0625,+,0,979290,372,0.556,TAA
orf0626,+,2,980291,1569,0.528,TAA
orf0627,+,1,982576,321,0.558,TGA
orf0628,+,0,984414,882,0.554,TGA
orf0629,+,2,986474,468,0.545,TAG
orf0630,+,2,987866,669,0.535,TAA
orf0631,+,0,989163,432,0.572,TGA
orf0632,+,2,990437,396,0.523,TGA
orf0633,+,1,990901,348,0.56,TAA
orf0634,+,1,991261,606,0.568,TGA
orf0635,+,2,991745,1980,0.542,TAA
orf0636,+,0,992865,429,0.566,TGA
orf0637,+,0,993744,1539,0.522,TAA
orf0638,+,2,995300,921,0.54,TAA
orf0639,+,1,996223,912,0.526,TAG
orf0640,+,1,997312,2349,0.416,TAG
orf0641,+,2,999668,1329,0.435,TAG
orf0642,+,0,1000941,591,0.43,TAG
orf0643,+,1,1002124,480,0.548,TAA
orf0644,+,2,1003535,384,0.487,TGA
orf0645,+,1,1004029,1116,0.517,TAG
orf0646,+,2,1005992,1224,0.519,TAA
orf0647,+,2,1008959,1233,0.522,TAA
orf0648,+,1,1012375,333,0.48,TGA
orf0649,+,2,1012709,537,0.514,TAG
orf0650,+,1,1016470,723,0.524,TAA
orf0651,+,2,1016912,327,0.517,TGA
orf0652,+,1,1017367,789,0.569,TAG
orf0653,+,1,1018243,477,0.486,TGA
orf0654,+,0,1018995,1188,0.499,TAA
orf0655,+,1,1020466,945,0.541,TAA
orf0656,+,1,1021420,954,0.51,TGA
orf0657,+,0,1022370,846,0.548,TGA
orf0658,+,2,1023275,489,0.519,TAA
orf0659,+,0,1023804,1128,0.549,TAA
orf0660,+,0,1025211,1344,0.449,TAA
orf0661,+,0,1026576,321,0.38,TAA
orf0662,+,2,1026908,1482,0.524,TAG
orf0663,+,0,1027209,480,0.542,TGA
orf0664,+,0,1029402,456,0.533,TAA
orf0665,+,1,1033720,1209,0.328,TAG
orf0666,+,2,1035038,456,0.355,TAA
orf0667,+,2,1035704,324,0.546,TGA
orf0668,+,1,1036024,831,0.568,TAG
orf0669,+,1,1040359,381,0.525,TAG
orf0670,+,0,1042263,417,0.549,TGA
orf0671,+,0,1043217,327,0.526,TAA
orf0672,+,2,1043897,420,0.555,TGA
orf0673,+,2,1044374,339,0.543,TGA
orf0674,+,1,1046131,342,0.591,TAA
orf0675,+,1,1047547,1659,0.529,TAA
orf0676,+,0,1050309,1116,0.534,TGA
orf0677,+,2,1051421,1947,0.538,TAA
orf0678,+,0,1053987,321,0.452,TGA
orf0679,+,0,1054338,2277,0.526,TAA
orf0680,+,1,1061284,339,0.546,TAG
orf0681,+,2,1062608,327,0.514,TAA
orf0682,+,0,1063620,546,0.471,TAA
orf0683,+,2,1064411,3918,0.542,TAA
orf0684,+,0,1066470,342,0.591,TGA
orf0685,+,0,1067991,342,0.532,TAA
orf0686,+,0,1068480,615,0.509,TAG
orf0687,+,1,1069162,1287,0.535,TAA
orf0688,+,2,1069919,324,0.58,TAA
orf0689,+,1,1070539,1293,0.527,TAA
orf0690,+,2,1072070,2445,0.527,TAA
orf0691,+,0,1074525,618,0.516,TGA
orf0692,+,1,1075081,927,0.557,TAA
orf0693,+,1,1076098,333,0.486,TAA
orf0694,+,2,1076984,1149,0.524,TAA
orf0695,+,1,1078342,1431,0.477,TAA
orf0696,+,0,1080420,300,0.52,TGA
orf0697,+,0,1082019,372,0.527,TGA
orf0698,+,2,1083254,408,0.488,TAG
orf0699,+,2,1085327,519,0.505,TAG
orf0700,+,2,1086404,693,0.475,TGA
orf0701,+,2,1087295,1089,0.503,TAA
orf0702,+,0,1088454,1284,0.503,TGA
orf0703,+,0,1089882,789,0.497,TAA
orf0704,+,1,1090843,684,0.537,TAA
orf0705,+,0,1091637,1674,0.512,TAA
orf0706,+,2,1093961,2265,0.497,TAG
orf0707,+,2,1096262,1749,0.508,TGA
orf0708,+,1,1098007,987,0.552,TAG
orf0709,+,1,1099030,1233,0.523,TAA
orf0710,+,0,1100493,747,0.537,TAA
orf0711,+,0,1101393,894,0.522,TGA
orf0712,+,0,1103178,786,0.517,TGA
orf0713,+,2,1103960,1323,0.525,TGA
orf0714,+,0,1105236,732,0.516,TAA
orf0715,+,2,1105967,4461,0.558,TAA
orf0716,+,0,1110126,360,0.522,TAA
orf0717,+,1,1110688,1848,0.531,TAA
orf0718,+,1,1112716,549,0.499,TAG
orf0719,+,0,1113291,648,0.52,TAA
orf0720,+,2,1117163,402,0.51,TGA
orf0721,+,2,1118009,354,0.554,TGA
orf0722,+,2,1118507,321,0.455,TAA
orf0723,+,0,1120092,2613,0.536,TAA
orf0724,+,2,1124489,393,0.585,TAG
orf0725,+,1,1125943,318,0.544,TAG
orf0726,+,2,1127330,549,0.421,TAA
orf0727,+,0,1127961,702,0.457,TAA
orf0728,+,0,1128687,603,0.461,TGA
orf0729,+,2,1129511,1776,0.482,TAA
orf0730,+,1,1131277,981,0.49,TGA
orf0731,+,1,1132426,477,0.488,TGA
orf0732,+,2,1132862,564,0.475,TAA
orf0733,+,0,1133391,570,0.516,TGA
orf0734,+,1,1134238,1011,0.464,TAA
orf0735,+,0,1135422,543,0.492,TAA
orf0736,+,2,1137314,2109,0.542,TGA
orf0737,+,1,1139434,1908,0.531,TGA
orf0738,+,1,1141471,1254,0.522,TGA
orf0739,+,2,1142711,1659,0.503,TGA
orf0740,+,1,1144366,564,0.527,TAA
orf0741,+,2,1147955,453,0.464,TAA
orf0742,+,0,1150608,630,0.479,TAA
orf0743,+,0,1153848,2148,0.524,TAA
orf0744,+,1,1157416,414,0.556,TAA
orf0745,+,1,1159321,492,0.508,TAA
orf0746,+,1,1163278,354,0.514,TGA
orf0747,+,1,1164256,405,0.499,TAG
orf0748,+,2,1164560,351,0.467,TAA
orf0749,+,1,1168726,426,0.512,TAA
orf0750,+,2,1169165,510,0.469,TAA
orf0751,+,0,1169781,1203,0.528,TGA
orf0752,+,0,1170990,747,0.519,TAA
orf0753,+,0,1171758,771,0.53,TGA
orf0754,+,0,1172544,414,0.471,TAG
orf0755,+,1,1175362,978,0.531,TAA
orf0756,+,1,1176352,372,0.535,TGA
orf0757,+,2,1176713,372,0.417,TAG
orf0758,+,0,1177236,819,0.377,TGA
orf0759,+,2,1178675,714,0.423,TGA
orf0760,+,1,1180156,1851,0.555,TAA
orf0761,+,2,1182182,327,0.541,TGA
orf0762,+,1,1182505,654,0.531,TGA
orf0763,+,1,1185142,366,0.527,TGA
orf0764,+,0,1185597,315,0.384,TAG
orf0765,+,2,1185842,363,0.427,TGA
orf0766,+,0,1187475,381,0.52,TGA
orf0767,+,2,1187852,348,0.586,TAA
orf0768,+,0,1188249,1539,0.585,TAA
orf0769,+,2,1190051,1929,0.529,TGA
orf0770,+,2,1192166,1593,0.567,TAA
orf0771,+,0,1192371,303,0.545,TGA
orf0772,+,0,1193202,348,0.56,TGA
orf0773,+,0,1193850,1404,0.608,TGA
orf0774,+,0,1195290,348,0.56,TAA
orf0775,+,2,1196078,606,0.543,TAA
orf0776,+,0,1196625,504,0.54,TGA
orf0777,+,2,1197155,414,0.563,TGA
orf0778,+,0,1197549,2580,0.589,TGA
orf0779,+,2,1200125,330,0.576,TGA
orf0780,+,1,1200454,699,0.577,TAA
orf0781,+,2,1200992,915,0.564,TGA
orf0782,+,1,1201804,681,0.599,TAA
orf0783,+,0,1203336,3474,0.577,TGA
orf0784,+,1,1206877,600,0.553,TGA
orf0785,+,2,1207541,1314,0.6,TGA
orf0786,+,0,1207908,345,0.586,TAG
orf0787,+,0,1208736,390,0.5,TAG
orf0788,+,2,1211258,1119,0.55,TGA
orf0789,+,0,1211937,309,0.544,TAA
orf0790,+,1,1212373,1794,0.566,TAA
orf0791,+,1,1214185,708,0.518,TGA
orf0792,+,0,1214889,588,0.585,TGA
orf0793,+,2,1215473,399,0.559,TGA
orf0794,+,1,1215868,858,0.548,TAA
orf0795,+,2,1216859,1545,0.541,TAA
orf0796,+,1,1218415,1137,0.532,TAA
orf0797,+,2,1219706,1335,0.536,TAA
orf0798,+,2,1223417,369,0.52,TGA
orf0799,+,1,1223839,357,0.501,TAA
orf0800,+,1,1226350,360,0.531,TAG
orf0801,+,0,1228602,315,0.562,TGA
orf0802,+,2,1234613,1029,0.534,TAA
orf0803,+,1,1236436,1173,0.513,TAA
orf0804,+,0,1237608,2547,0.552,TGA
orf0805,+,2,1240151,600,0.525,TAA
orf0806,+,1,1240876,306,0.559,TAA
orf0807,+,2,1241027,516,0.529,TGA
orf0808,+,0,1241058,315,0.492,TAA
orf0809,+,1,1241527,306,0.552,TGA
orf0810,+,2,1242389,900,0.333,TGA
orf0811,+,2,1243937,1242,0.519,TAA
orf0812,+,2,1250339,351,0.484,TAA
orf0813,+,0,1252863,477,0.528,TGA
orf0814,+,1,1258507,900,0.454,TAA
orf0815,+,2,1259396,1437,0.505,TGA
orf0816,+,1,1261903,546,0.54,TGA
orf0817,+,0,1262445,528,0.519,TGA
orf0818,+,0,1263426,735,0.465,TGA
orf0819,+,2,1264229,729,0.483,TAA
orf0820,+,1,1264957,606,0.498,TGA
orf0821,+,1,1265746,435,0.506,TAA
orf0822,+,1,1266964,960,0.45,TAA
orf0823,+,0,1268691,1905,0.548,TGA
orf0824,+,2,1272866,534,0.541,TAA
orf0825,+,2,1273670,570,0.463,TGA
orf0826,+,2,1274393,465,0.544,TAG
orf0827,+,0,1275591,807,0.487,TGA
orf0828,+,1,1276378,1707,0.496,TGA
orf0829,+,0,1278084,2145,0.523,TGA
orf0830,+,1,1280386,1008,0.532,TAA
orf0831,+,0,1281417,1215,0.517,TGA
orf0832,+,1,1282687,390,0.528,TGA
orf0833,+,2,1283099,489,0.532,TGA
orf0834,+,0,1283571,564,0.527,TGA
orf0835,+,2,1284134,651,0.513,TGA
orf0836,+,1,1284931,1788,0.611,TGA
orf0837,+,2,1285151,495,0.606,TAG
orf0838,+,2,1286600,390,0.505,TAG
orf0839,+,0,1287537,1701,0.516,TGA
orf0840,+,2,1289234,1269,0.497,TGA
orf0841,+,0,1290801,618,0.422,TAG
orf0842,+,0,1291509,735,0.464,TGA
orf0843,+,0,1292673,402,0.51,TGA
orf0844,+,0,1293168,657,0.531,TAA
orf0845,+,1,1293538,357,0.552,TGA
orf0846,+,2,1293827,447,0.564,TAA
orf0847,+,0,1294545,1266,0.497,TAA
orf0848,+,0,1295841,8421,0.543,TAA
orf0849,+,1,1296973,315,0.616,TGA
orf0850,+,1,1298167,534,0.56,TGA
orf0851,+,2,1305476,750,0.489,TAA
orf0852,+,1,1306210,369,0.509,TGA
orf0853,+,1,1310764,396,0.598,TGA
orf0854,+,1,1311166,321,0.536,TAA
orf0855,+,2,1312604,381,0.535,TAA
orf0856,+,2,1315061,639,0.51,TAA
orf0857,+,1,1316002,480,0.61,TAA
orf0858,+,2,1316543,477,0.566,TGA
orf0859,+,2,1317404,501,0.561,TAA
orf0860,+,0,1318908,384,0.547,TGA
orf0861,+,1,1320124,1509,0.541,TAA
orf0862,+,2,1322807,348,0.489,TAA
orf0863,+,1,1324306,831,0.545,TAA
orf0864,+,1,1325194,1128,0.511,TAA
orf0865,+,0,1326327,1272,0.537,TAA
orf0866,+,1,1327942,1065,0.52,TAA
orf0867,+,1,1333606,315,0.476,TAA
orf0868,+,1,1335826,1359,0.386,TAA
orf0869,+,2,1337282,1611,0.367,TAA
orf0870,+,2,1340981,792,0.422,TAA
orf0871,+,2,1349939,3807,0.492,TAA
orf0872,+,0,1353834,1620,0.425,TAA
orf0873,+,0,1355469,369,0.423,TAA
orf0874,+,1,1355851,762,0.51,TGA
orf0875,+,1,1356616,549,0.481,TAA
orf0876,+,0,1357503,1161,0.493,TAA
orf0877,+,1,1358737,2559,0.535,TAA
orf0878,+,2,1360748,315,0.571,TAG
orf0879,+,2,1361234,1290,0.527,TGA
orf0880,+,1,1362520,954,0.49,TAA
orf0881,+,2,1363484,708,0.448,TAA
orf0882,+,0,1364175,657,0.536,TAA
orf0883,+,0,1364832,1311,0.475,TAG
orf0884,+,2,1366151,789,0.478,TGA
orf0885,+,1,1366936,1389,0.526,TAA
orf0886,+,2,1368335,945,0.489,TGA
orf0887,+,1,1369276,987,0.406,TGA
orf0888,+,1,1370629,1203,0.49,TAA
orf0889,+,2,1374935,309,0.453,TAA
orf0890,+,2,1375868,1404,0.425,TGA
orf0891,+,0,1378092,564,0.441,TGA
orf0892,+,1,1378810,2361,0.483,TAA
orf0893,+,2,1379207,306,0.49,TAG
orf0894,+,2,1384766,819,0.514,TAA
orf0895,+,0,1385697,540,0.489,TGA
orf0896,+,2,1387535,360,0.4,TAA
orf0897,+,2,1389338,339,0.286,TAA
orf0898,+,2,1390487,699,0.538,TAG
orf0899,+,2,1391276,303,0.538,TGA
orf0900,+,1,1391587,321,0.523,TAA
orf0901,+,2,1391897,1707,0.542,TAA
orf0902,+,2,1393613,465,0.548,TGA
orf0903,+,2,1394078,675,0.591,TAG
orf0904,+,1,1394764,618,0.537,TAA
orf0905,+,2,1399916,762,0.571,TAA
orf0906,+,2,1401179,426,0.488,TGA
orf0907,+,1,1401601,351,0.53,TAA
orf0908,+,1,1401982,1614,0.543,TAA
orf0909,+,1,1404214,744,0.526,TGA
orf0910,+,1,1407265,510,0.553,TAA
orf0911,+,1,1408135,315,0.517,TGA
orf0912,+,2,1409288,690,0.546,TAA
orf0913,+,0,1410549,375,0.525,TGA
orf0914,+,1,1412497,582,0.505,TAA
orf0915,+,0,1413078,1158,0.547,TAA
orf0916,+,1,1414258,456,0.496,TGA
orf0917,+,2,1414736,1041,0.52,TAA
orf0918,+,2,1415825,579,0.532,TGA
orf0919,+,1,1416472,576,0.507,TAA
orf0920,+,2,1417469,309,0.469,TGA
orf0921,+,1,1422763,336,0.426,TAG
orf0922,+,2,1426157,1125,0.43,TAG
orf0923,+,2,1429883,417,0.499,TGA
orf0924,+,1,1430149,624,0.542,TGA
orf0925,+,2,1433333,1047,0.526,TGA
orf0926,+,2,1434620,516,0.43,TGA
orf0927,+,1,1435336,1965,0.422,TAA
orf0928,+,0,1437801,1233,0.513,TGA
orf0929,+,2,1439018,639,0.526,TGA
orf0930,+,1,1440025,645,0.417,TAA
orf0931,+,1,1440985,501,0.505,TGA
orf0932,+,2,1441028,300,0.507,TGA
orf0933,+,1,1441669,426,0.514,TGA
orf0934,+,1,1442905,873,0.577,TGA
orf0935,+,0,1443981,3018,0.568,TGA
orf0936,+,2,1447106,2388,0.521,TGA
orf0937,+,1,1449742,654,0.54,TGA
orf0938,+,0,1450392,1071,0.547,TAA
orf0939,+,0,1451802,819,0.547,TGA
orf0940,+,0,1452711,486,0.551,TGA
orf0941,+,0,1453197,492,0.589,TAA
orf0942,+,0,1454556,375,0.52,TGA
orf0943,+,2,1454927,492,0.53,TAA
orf0944,+,0,1455075,444,0.52,TGA
orf0945,+,2,1455524,342,0.506,TGA
orf0946,+,1,1455712,843,0.484,TAG
orf0947,+,0,1457025,939,0.512,TAA
orf0948,+,0,1458018,738,0.485,TAA
orf0949,+,2,1458779,555,0.535,TAA
orf0950,+,1,1459405,522,0.54,TGA
orf0951,+,1,1460014,420,0.493,TAA
orf0952,+,1,1463062,483,0.424,TAA
orf0953,+,2,1463585,459,0.503,TAA
orf0954,+,0,1464102,333,0.429,TAA
orf0955,+,0,1464555,312,0.442,TAA
orf0956,+,1,1464961,534,0.511,TGA
orf0957,+,2,1465436,1482,0.505,TAA
orf0958,+,1,1467520,333,0.402,TAG
orf0959,+,2,1468457,1554,0.494,TAA
orf0960,+,0,1470003,2544,0.546,TAA
orf0961,+,1,1475947,1053,0.492,TAA
orf0962,+,1,1478917,399,0.511,TAA
orf0963,+,2,1481990,333,0.483,TAA
orf0964,+,2,1483868,429,0.573,TGA
orf0965,+,2,1484705,585,0.497,TAA
orf0966,+,0,1485300,648,0.522,TAA
orf0967,+,1,1486300,573,0.545,TAA
orf0968,+,2,1486982,1536,0.533,TAA
orf0969,+,1,1490161,417,0.532,TAA
orf0970,+,1,1490581,405,0.528,TAA
orf0971,+,0,1490997,696,0.546,TAA
orf0972,+,0,1491717,1206,0.517,TAA
orf0973,+,1,1492942,756,0.594,TAA
orf0974,+,0,1493835,783,0.54,TAA
orf0975,+,1,1494661,708,0.53,TAA
orf0976,+,0,1495572,906,0.549,TGA
orf0977,+,2,1496447,972,0.545,TGA
orf0978,+,1,1497484,1644,0.518,TAA
orf0979,+,0,1499139,954,0.509,TAA
orf0980,+,2,1500326,1656,0.576,TAA
orf0981,+,1,1504045,960,0.519,TAA
orf0982,+,2,1505888,522,0.494,TAA
orf0983,+,1,1506745,1041,0.521,TAG
orf0984,+,2,1507853,954,0.548,TAG
orf0985,+,2,1508822,930,0.548,TAA
orf0986,+,2,1509764,735,0.513,TGA
orf0987,+,2,1511069,1206,0.53,TAA
orf0988,+,1,1512394,810,0.505,TAG
orf0989,+,0,1513206,1023,0.503,TAA
orf0990,+,1,1514218,642,0.537,TGA
orf0991,+,0,1514856,1005,0.546,TAA
orf0992,+,1,1515871,798,0.513,TGA
orf0993,+,1,1516963,1434,0.524,TAA
orf0994,+,2,1517186,354,0.528,TAG
orf0995,+,2,1521353,378,0.5,TAA
orf0996,+,0,1521744,642,0.562,TAA
orf0997,+,1,1522624,567,0.524,TAA
orf0998,+,2,1523213,1014,0.532,TAA
orf0999,+,0,1524192,600,0.478,TAA
orf1000,+,0,1525248,1248,0.523,TAA
orf1001,+,1,1526734,528,0.538,TAA
orf1002,+,0,1528719,384,0.534,TAA
orf1003,+,0,1530039,327,0.554,TGA
orf1004,+,2,1531094,345,0.58,TGA
orf1005,+,2,1531460,573,0.567,TAA
orf1006,+,2,1532360,309,0.557,TAA
orf1007,+,0,1533438,354,0.494,TAG
orf1008,+,0,1534551,1200,0.542,TAA
orf1009,+,1,1535605,840,0.558,TAA
orf1010,+,0,1536444,1245,0.516,TAA
orf1011,+,1,1537717,912,0.534,TAA
orf1012,+,1,1538644,822,0.512,TAA
orf1013,+,2,1543589,492,0.415,TAG
orf1014,+,0,1545264,324,0.429,TGA
orf1015,+,1,1545571,426,0.528,TGA
orf1016,+,0,1546065,1038,0.546,TGA
orf1017,+,1,1546894,663,0.57,TGA
orf1018,+,1,1547590,717,0.53,TGA
orf1019,+,1,1549180,318,0.447,TGA
orf1020,+,2,1550117,588,0.49,TGA
orf1021,+,2,1551845,978,0.539,TAA
orf1022,+,2,1552835,375,0.523,TGA
orf1023,+,1,1553206,822,0.478,TAG
orf1024,+,2,1555106,1938,0.542,TAA
orf1025,+,0,1557300,381,0.541,TAA
orf1026,+,1,1557976,345,0.47,TGA
orf1027,+,0,1558371,534,0.547,TAA
orf1028,+,0,1559175,570,0.463,TGA
orf1029,+,0,1559898,468,0.551,TAG
orf1030,+,0,1561467,366,0.568,TGA
orf1031,+,1,1561600,339,0.56,TAA
orf1032,+,1,1562161,525,0.552,TGA
orf1033,+,0,1562682,1662,0.578,TAA
orf1034,+,0,1564662,1683,0.598,TGA
orf1035,+,1,1566556,2502,0.558,TGA
orf1036,+,2,1569473,351,0.581,TGA
orf1037,+,1,1569820,447,0.577,TGA
orf1038,+,0,1570263,345,0.6,TAA
orf1039,+,1,1570666,717,0.533,TAA
orf1040,+,0,1571388,375,0.573,TAG
orf1041,+,0,1572120,426,0.57,TGA
orf1042,+,1,1572505,2859,0.575,TGA
orf1043,+,2,1575398,300,0.577,TGA
orf1044,+,1,1575697,699,0.581,TAA
orf1045,+,2,1577189,879,0.443,TAA
orf1046,+,1,1578121,738,0.581,TGA
orf1047,+,1,1579162,2349,0.355,TGA
orf1048,+,0,1582101,3402,0.317,TAG
orf1049,+,0,1585671,450,0.396,TAA
orf1050,+,2,1586603,303,0.545,TAA
orf1051,+,2,1587284,300,0.497,TGA
orf1052,+,2,1590644,318,0.456,TAA
orf1053,+,2,1591418,396,0.528,TGA
orf1054,+,2,1592105,1227,0.499,TAA
orf1055,+,1,1594732,1248,0.513,TAA
orf1056,+,2,1596590,744,0.47,TAA
orf1057,+,0,1598163,300,0.48,TGA
orf1058,+,2,1598459,966,0.53,TAA
orf1059,+,1,1599808,786,0.529,TAA
orf1060,+,1,1601212,411,0.586,TGA
orf1061,+,2,1601591,315,0.549,TAA
orf1062,+,0,1601952,303,0.439,TGA
orf1063,+,1,1602547,1158,0.508,TAA
orf1064,+,1,1603744,573,0.557,TGA
orf1065,+,2,1604318,1212,0.567,TGA
orf1066,+,1,1605484,381,0.549,TGA
orf1067,+,2,1606157,441,0.551,TGA
orf1068,+,0,1606413,351,0.516,TGA
orf1069,+,0,1606887,357,0.552,TAA
orf1070,+,1,1607410,1479,0.531,TAA
orf1071,+,2,1612592,588,0.534,TGA
orf1072,+,1,1614667,477,0.524,TAA
orf1073,+,0,1616847,1251,0.503,TAA
orf1074,+,1,1619683,825,0.463,TGA
orf1075,+,0,1620504,702,0.53,TGA
orf1076,+,2,1621202,303,0.502,TGA
orf1077,+,0,1621572,333,0.417,TAA
orf1078,+,1,1622149,1527,0.356,TGA
orf1079,+,1,1624276,357,0.507,TAA
orf1080,+,1,1625578,690,0.474,TAA
orf1081,+,1,1626589,306,0.493,TAA
orf1082,+,2,1626881,477,0.499,TGA
orf1083,+,1,1627354,462,0.509,TAG
orf1084,+,2,1630082,546,0.526,TAA
orf1085,+,0,1630782,1746,0.539,TGA
orf1086,+,1,1632727,1602,0.586,TAA
orf1087,+,2,1632788,348,0.58,TGA
orf1088,+,2,1634348,1281,0.609,TAA
orf1089,+,2,1635632,339,0.59,TAA
orf1090,+,0,1636026,1026,0.563,TAA
orf1091,+,2,1637054,438,0.568,TAA
orf1092,+,0,1637868,579,0.551,TGA
orf1093,+,2,1638443,396,0.543,TGA
orf1094,+,0,1638816,771,0.576,TAA
orf1095,+,0,1639602,423,0.541,TGA
orf1096,+,2,1640051,390,0.559,TGA
orf1097,+,0,1640433,2550,0.584,TGA
orf1098,+,2,1642979,330,0.576,TGA
orf1099,+,1,1643308,699,0.558,TAA
orf1100,+,0,1644012,744,0.593,TGA
orf1101,+,2,1644653,672,0.595,TGA
orf1102,+,2,1645385,3399,0.562,TGA
orf1103,+,2,1648850,600,0.557,TGA
orf1104,+,0,1649514,2916,0.547,TAA
orf1105,+,1,1649911,1008,0.605,TAG
orf1106,+,2,1652429,582,0.473,TAA
orf1107,+,2,1656890,381,0.517,TGA
orf1108,+,1,1657267,348,0.586,TAA
orf1109,+,2,1657664,1539,0.585,TAA
orf1110,+,1,1662628,585,0.443,TGA
orf1111,+,0,1663386,327,0.541,TGA
orf1112,+,2,1663709,891,0.539,TGA
orf1113,+,1,1664683,711,0.511,TGA
orf1114,+,2,1668086,369,0.423,TGA
orf1115,+,2,1669166,327,0.431,TAA
orf1116,+,1,1669564,660,0.524,TAA
orf1117,+,2,1670300,462,0.476,TGA
orf1118,+,1,1672252,420,0.483,TGA
orf1119,+,0,1672671,1269,0.509,TAA
orf1120,+,1,1673215,387,0.488,TAA
orf1121,+,1,1674643,363,0.54,TGA
orf1122,+,0,1676424,720,0.514,TAA
orf1123,+,0,1677477,486,0.494,TGA
orf1124,+,2,1679090,1299,0.561,TAA
orf1125,+,2,1680398,990,0.57,TGA
orf1126,+,0,1681722,381,0.465,TGA
orf1127,+,2,1682996,363,0.526,TGA
orf1128,+,0,1684815,504,0.528,TAA
orf1129,+,0,1689327,303,0.525,TGA
orf1130,+,1,1691914,351,0.553,TAA
orf1131,+,1,1692928,303,0.528,TGA
orf1132,+,1,1697572,420,0.521,TGA
orf1133,+,1,1699999,477,0.507,TAA
orf1134,+,0,1700484,321,0.545,TGA
orf1135,+,0,1700844,366,0.503,TAG
orf1136,+,0,1702767,381,0.528,TAA
orf1137,+,0,1703259,723,0.477,TGA
orf1138,+,1,1705069,414,0.539,TGA
orf1139,+,0,1705479,357,0.58,TGA
orf1140,+,1,1705516,435,0.575,TGA
orf1141,+,1,1707139,411,0.552,TAA
orf1142,+,2,1707914,489,0.534,TGA
orf1143,+,0,1709595,1257,0.539,TAG
orf1144,+,2,1710893,1083,0.529,TAA
orf1145,+,1,1711975,834,0.558,TGA
orf1146,+,0,1712805,393,0.471,TAA
orf1147,+,0,1713201,810,0.468,TAA
orf1148,+,2,1714046,855,0.517,TAA
orf1149,+,0,1717827,720,0.55,TGA
orf1150,+,0,1719093,1431,0.505,TAA
orf1151,+,0,1723302,1392,0.535,TAA
orf1152,+,2,1725086,3744,0.549,TGA
orf1153,+,1,1728826,1539,0.539,TGA
orf1154,+,0,1730361,711,0.557,TAA
orf1155,+,2,1731071,678,0.552,TAA
orf1156,+,2,1732109,567,0.541,TAA
orf1157,+,1,1734289,906,0.503,TGA
orf1158,+,2,1735286,1014,0.488,TGA
orf1159,+,2,1736501,909,0.47,TAA
orf1160,+,1,1738570,618,0.426,TAA
orf1161,+,1,1740481,1332,0.508,TGA
orf1162,+,0,1742739,549,0.492,TAA
orf1163,+,2,1743980,1677,0.477,TGA
orf1164,+,0,1745742,921,0.466,TGA
orf1165,+,2,1746677,909,0.524,TAA
orf1166,+,1,1747597,1014,0.517,TGA
orf1167,+,0,1748607,1005,0.517,TAA
orf1168,+,1,1753918,735,0.541,TAA
orf1169,+,0,1755801,378,0.503,TGA
orf1170,+,1,1756864,639,0.495,TAA
orf1171,+,0,1759611,387,0.522,TGA
orf1172,+,0,1760910,591,0.491,TAA
orf1173,+,1,1760926,351,0.487,TAA
orf1174,+,2,1761503,546,0.418,TAG
orf1175,+,0,1764573,552,0.478,TAA
orf1176,+,1,1765096,1041,0.503,TGA
orf1177,+,2,1765925,666,0.574,TGA
orf1178,+,2,1766957,402,0.507,TGA
orf1179,+,0,1768218,759,0.439,TGA
orf1180,+,1,1770367,975,0.543,TAA
orf1181,+,1,1771354,360,0.5,TGA
orf1182,+,0,1771722,531,0.461,TAA
orf1183,+,1,1772842,1059,0.534,TGA
orf1184,+,2,1774697,1854,0.553,TAA
orf1185,+,2,1776920,345,0.478,TGA
orf1186,+,1,1777315,534,0.554,TAA
orf1187,+,1,1778119,570,0.463,TGA
orf1188,+,1,1778842,468,0.558,TAA
orf1189,+,1,1779742,357,0.51,TAG
orf1190,+,2,1779941,366,0.568,TGA
orf1191,+,0,1780074,339,0.56,TAA
orf1192,+,0,1780635,525,0.55,TGA
orf1193,+,2,1781156,1662,0.578,TAA
orf1194,+,2,1783136,1683,0.598,TGA
orf1195,+,0,1785030,2580,0.564,TGA
orf1196,+,2,1787612,327,0.563,TGA
orf1197,+,2,1787948,351,0.593,TGA
orf1198,+,1,1788295,447,0.584,TGA
orf1199,+,0,1788738,345,0.597,TAA
orf1200,+,1,1789141,717,0.531,TAA
orf1201,+,0,1789863,375,0.573,TAG
orf1202,+,0,1790595,3081,0.574,TGA
orf1203,+,1,1793710,300,0.573,TGA
orf1204,+,0,1794009,438,0.564,TAA
orf1205,+,1,1794634,3477,0.574,TGA
orf1206,+,2,1798178,600,0.545,TGA
orf1207,+,0,1798929,1314,0.596,TGA
orf1208,+,1,1799296,345,0.58,TAG
orf1209,+,1,1800190,324,0.506,TAA
orf1210,+,1,1800856,345,0.388,TAA
orf1211,+,0,1804692,912,0.379,TAA
orf1212,+,2,1805669,570,0.37,TGA
orf1213,+,0,1811676,591,0.393,TAA
orf1214,+,1,1812682,438,0.491,TAG
orf1215,+,0,1813914,510,0.373,TAG
orf1216,+,0,1823535,357,0.524,TGA
orf1217,+,2,1824341,780,0.542,TGA
orf1218,+,1,1825081,657,0.493,TAA
orf1219,+,1,1825765,1584,0.469,TAA
orf1220,+,0,1827561,873,0.542,TAA
orf1221,+,0,1828731,420,0.543,TAG
orf1222,+,2,1830197,891,0.513,TAA
orf1223,+,2,1831754,2598,0.52,TAA
orf1224,+,0,1834053,306,0.516,TAA
orf1225,+,1,1834561,975,0.482,TAA
orf1226,+,0,1836537,2676,0.528,TAA
orf1227,+,1,1840036,765,0.503,TAA
orf1228,+,2,1841264,1170,0.52,TAA
orf1229,+,2,1842566,798,0.536,TGA
orf1230,+,1,1843360,330,0.488,TAA
orf1231,+,1,1844422,387,0.499,TGA
orf1232,+,0,1851117,648,0.526,TGA
orf1233,+,0,1852122,666,0.461,TAA
orf1234,+,1,1852903,1155,0.509,TGA
orf1235,+,0,1854057,3084,0.515,TAA
orf1236,+,1,1857163,1374,0.541,TAA
orf1237,+,0,1858545,1164,0.49,TAA
orf1238,+,2,1861214,366,0.478,TAA
orf1239,+,0,1861554,303,0.561,TGA
orf1240,+,2,1862144,420,0.548,TAA
orf1241,+,2,1863512,465,0.551,TAA
orf1242,+,0,1864485,393,0.514,TAA
orf1243,+,1,1869052,765,0.529,TGA
orf1244,+,0,1869843,558,0.507,TAA
orf1245,+,2,1870454,1584,0.569,TGA
orf1246,+,0,1872039,1281,0.59,TAA
orf1247,+,1,1873357,1266,0.578,TAA
orf1248,+,0,1875147,312,0.548,TGA
orf1249,+,0,1875897,669,0.496,TAA
orf1250,+,1,1876843,360,0.494,TGA
orf1251,+,2,1877096,312,0.532,TAA
orf1252,+,2,1877507,315,0.505,TAA
orf1253,+,1,1878031,375,0.387,TAA
orf1254,+,0,1878405,1305,0.456,TAA
orf1255,+,1,1879723,630,0.495,TAG
orf1256,+,1,1880401,615,0.525,TAA
orf1257,+,0,1881036,882,0.527,TAA
orf1258,+,1,1881904,843,0.522,TAA
orf1259,+,1,1882777,1053,0.549,TAA
orf1260,+,0,1883847,789,0.527,TAA
orf1261,+,0,1884657,1044,0.551,TGA
orf1262,+,2,1885697,2268,0.541,TGA
orf1263,+,1,1887961,660,0.571,TAG
orf1264,+,2,1888634,1083,0.495,TAA
orf1265,+,1,1889761,906,0.494,TGA
orf1266,+,1,1891891,1437,0.547,TGA
orf1267,+,0,1893324,1062,0.564,TAA
orf1268,+,0,1894533,1542,0.517,TAA
orf1269,+,2,1896743,966,0.541,TAG
orf1270,+,0,1901349,900,0.47,TAG
orf1271,+,2,1902563,1635,0.481,TGA
orf1272,+,0,1907406,318,0.453,TAA
orf1273,+,0,1910538,327,0.502,TAA
orf1274,+,2,1914212,909,0.495,TAA
orf1275,+,1,1915450,564,0.535,TGA
orf1276,+,2,1917575,930,0.518,TAA
orf1277,+,2,1919057,1299,0.52,TAA
orf1278,+,1,1921564,318,0.497,TAG
orf1279,+,2,1925129,345,0.525,TGA
orf1280,+,1,1925473,360,0.489,TGA
orf1281,+,2,1925615,417,0.501,TGA
orf1282,+,2,1928018,612,0.395,TAG
orf1283,+,2,1929641,327,0.391,TGA
orf1284,+,1,1929964,423,0.52,TGA
orf1285,+,0,1930464,789,0.492,TAA
orf1286,+,0,1931259,747,0.541,TAA
orf1287,+,1,1931977,813,0.51,TGA
orf1288,+,1,1932805,423,0.489,TGA
orf1289,+,0,1934988,1152,0.365,TAA
orf1290,+,0,1938987,600,0.498,TAA
orf1291,+,1,1939753,675,0.459,TGA
orf1292,+,1,1940989,432,0.507,TGA
orf1293,+,2,1941995,1854,0.556,TAA
orf1294,+,2,1944218,345,0.472,TGA
orf1295,+,1,1944613,534,0.554,TAA
orf1296,+,1,1945417,570,0.463,TGA
orf1297,+,1,1946140,468,0.558,TAA
orf1298,+,1,1947040,357,0.51,TAG
orf1299,+,2,1947239,366,0.568,TGA
orf1300,+,0,1947372,339,0.56,TAA
orf1301,+,0,1947933,525,0.552,TGA
orf1302,+,2,1948454,1662,0.578,TAA
orf1303,+,2,1950434,1683,0.598,TGA
orf1304,+,0,1952328,1365,0.555,TGA
orf1305,+,2,1953689,1224,0.569,TGA
orf1306,+,1,1954909,327,0.572,TGA
orf1307,+,1,1955245,351,0.587,TGA
orf1308,+,0,1955592,447,0.582,TGA
orf1309,+,2,1956035,345,0.597,TGA
orf1310,+,1,1956448,717,0.53,TAA
orf1311,+,0,1957170,375,0.579,TAG
orf1312,+,2,1957901,3081,0.574,TGA
orf1313,+,0,1961016,300,0.577,TGA
orf1314,+,2,1961315,699,0.582,TAA
orf1315,+,0,1961790,978,0.57,TGA
orf1316,+,2,1962665,681,0.604,TAA
orf1317,+,1,1964197,3498,0.567,TGA
orf1318,+,2,1967765,600,0.562,TGA
orf1319,+,0,1968429,1314,0.597,TGA
orf1320,+,1,1968796,345,0.58,TAG
orf1321,+,1,1969624,390,0.508,TAG
orf1322,+,2,1970126,576,0.424,TGA
orf1323,+,2,1970774,630,0.402,TGA
orf1324,+,2,1971485,642,0.369,TAA
orf1325,+,0,1972668,303,0.512,TAA
orf1326,+,2,1973834,351,0.462,TAA
orf1327,+,2,1975040,381,0.52,TGA
orf1328,+,2,1977662,381,0.541,TGA
orf1329,+,0,1980552,2640,0.522,TGA
orf1330,+,0,1983306,399,0.446,TAA
orf1331,+,2,1984079,3075,0.487,TAG
orf1332,+,2,1987685,2148,0.553,TAA
orf1333,+,2,1990052,861,0.525,TAA
orf1334,+,2,1990976,2307,0.43,TGA
orf1335,+,1,1993453,606,0.45,TAA
orf1336,+,0,1994058,897,0.44,TGA
orf1337,+,0,1994970,1758,0.514,TGA
orf1338,+,1,1996645,1389,0.5,TAA
orf1339,+,0,1998018,660,0.512,TAA
orf1340,+,2,1998890,3903,0.537,TAA
orf1341,+,0,2002938,426,0.336,TAA
orf1342,+,1,2003338,369,0.336,TAA
orf1343,+,2,2003693,432,0.361,TAA
orf1344,+,0,2004249,378,0.376,TAA
orf1345,+,1,2004742,801,0.508,TAA
orf1346,+,2,2005739,1440,0.511,TAA
orf1347,+,0,2008374,567,0.466,TGA
orf1348,+,2,2009978,1641,0.511,TGA
orf1349,+,0,2012796,1344,0.528,TAA
orf1350,+,2,2014364,1656,0.51,TAA
orf1351,+,2,2018069,1005,0.527,TGA
orf1352,+,1,2019070,594,0.461,TGA
orf1353,+,1,2019967,669,0.45,TAG
orf1354,+,2,2020820,612,0.528,TAA
orf1355,+,0,2021934,537,0.492,TAA
orf1356,+,0,2022843,1662,0.507,TAA
orf1357,+,0,2025249,438,0.447,TAA
orf1358,+,0,2025765,1407,0.517,TAA
orf1359,+,1,2027416,1146,0.523,TAA
orf1360,+,0,2028579,1014,0.548,TGA
orf1361,+,0,2029593,942,0.539,TGA
orf1362,+,1,2030524,795,0.538,TAA
orf1363,+,1,2031340,1425,0.532,TAA
orf1364,+,1,2034568,396,0.503,TGA
orf1365,+,0,2034765,1062,0.524,TAA
orf1366,+,2,2036024,666,0.438,TAA
orf1367,+,2,2039069,1062,0.504,TAA
orf1368,+,2,2041127,363,0.526,TAG
orf1369,+,1,2042011,618,0.472,TGA
orf1370,+,2,2043701,2145,0.551,TGA
orf1371,+,2,2045912,4203,0.61,TAA
orf1372,+,1,2051209,405,0.415,TAA
orf1373,+,0,2051307,612,0.417,TGA
orf1374,+,0,2053260,735,0.513,TGA
orf1375,+,1,2054224,387,0.522,TGA
orf1376,+,0,2056323,315,0.562,TGA
orf1377,+,2,2057732,378,0.508,TGA
orf1378,+,1,2059405,348,0.537,TAA
orf1379,+,1,2059984,459,0.545,TAA
orf1380,+,1,2061562,393,0.514,TAG
orf1381,+,1,2068822,588,0.541,TGA
orf1382,+,1,2069458,2412,0.539,TAA
orf1383,+,1,2071882,885,0.55,TAA
orf1384,+,0,2072358,372,0.578,TAA
orf1385,+,2,2072741,672,0.499,TAA
orf1386,+,2,2073497,390,0.508,TGA
orf1387,+,1,2075623,417,0.554,TGA
orf1388,+,1,2077867,432,0.5,TAA
orf1389,+,1,2078404,333,0.52,TGA
orf1390,+,0,2079471,318,0.538,TGA
orf1391,+,1,2081563,495,0.545,TAA
orf1392,+,2,2090546,447,0.497,TAA
orf1393,+,0,2090640,396,0.515,TAG
orf1394,+,1,2091895,579,0.546,TGA
orf1395,+,2,2094638,336,0.467,TAA
orf1396,+,0,2102376,621,0.441,TAA
orf1397,+,0,2110521,315,0.483,TAG
orf1398,+,1,2116840,501,0.545,TAG
orf1399,+,0,2118111,396,0.513,TAG
orf1400,+,1,2118304,303,0.505,TAG
orf1401,+,0,2119242,426,0.516,TGA
orf1402,+,1,2125411,1536,0.53,TGA
orf1403,+,0,2126940,1029,0.538,TAA
orf1404,+,2,2127968,993,0.538,TAA
orf1405,+,1,2128600,300,0.56,TAG
orf1406,+,1,2128972,1023,0.496,TGA
orf1407,+,0,2130021,876,0.499,TAA
orf1408,+,1,2131267,759,0.547,TAA
orf1409,+,2,2132747,321,0.445,TAA
orf1410,+,0,2133531,300,0.5,TAA
orf1411,+,0,2138805,372,0.495,TGA
orf1412,+,1,2139214,882,0.533,TGA
orf1413,+,0,2140173,789,0.392,TAA
orf1414,+,0,2141439,1191,0.51,TAG
orf1415,+,1,2143588,378,0.5,TAA
orf1416,+,2,2143979,390,0.456,TAG
orf1417,+,2,2145743,1188,0.497,TGA
orf1418,+,1,2147440,993,0.506,TAA
orf1419,+,0,2150883,303,0.535,TAA
orf1420,+,2,2151470,405,0.523,TAA
orf1421,+,0,2153412,747,0.509,TAA
orf1422,+,1,2154247,687,0.499,TAA
orf1423,+,1,2157556,330,0.518,TGA
orf1424,+,2,2158241,315,0.432,TAA
orf1425,+,1,2160991,1110,0.596,TGA
orf1426,+,1,2164060,783,0.582,TGA
orf1427,+,2,2164685,396,0.644,TAG
orf1428,+,2,2166209,348,0.598,TGA
orf1429,+,2,2166905,315,0.606,TGA
orf1430,+,2,2167403,675,0.603,TGA
orf1431,+,0,2167434,459,0.586,TGA
orf1432,+,1,2168302,333,0.631,TGA
orf1433,+,1,2169493,636,0.602,TAA
orf1434,+,2,2169518,414,0.609,TGA
orf1435,+,2,2171018,465,0.602,TGA
orf1436,+,2,2171963,306,0.516,TAA
orf1437,+,2,2172581,675,0.551,TGA
orf1438,+,0,2172729,300,0.543,TAG
orf1439,+,0,2173563,333,0.532,TAA
orf1440,+,2,2175452,552,0.58,TGA
orf1441,+,0,2176455,435,0.616,TGA
orf1442,+,0,2177166,492,0.61,TAA
orf1443,+,0,2179377,399,0.561,TAA
orf1444,+,2,2180723,582,0.531,TGA
orf1445,+,0,2183934,333,0.468,TAA
orf1446,+,2,2185193,384,0.521,TAA
orf1447,+,1,2188801,300,0.567,TAA
orf1448,+,2,2197514,345,0.574,TAA
orf1449,+,0,2199162,639,0.437,TAA
orf1450,+,0,2200245,651,0.415,TAA
orf1451,+,1,2202136,1245,0.487,TGA
orf1452,+,0,2203377,537,0.456,TAA
orf1453,+,0,2205864,390,0.582,TAG
orf1454,+,1,2206609,381,0.517,TGA
orf1455,+,0,2206986,348,0.586,TAA
orf1456,+,1,2207383,1539,0.585,TAA
orf1457,+,0,2211714,645,0.605,TGA
orf1458,+,2,2212478,348,0.603,TGA
orf1459,+,1,2214784,648,0.574,TGA
orf1460,+,2,2215247,555,0.638,TAG
orf1461,+,1,2216929,345,0.571,TAA
orf1462,+,1,2218258,645,0.58,TGA
orf1463,+,0,2218371,549,0.585,TAA
orf1464,+,0,2219127,333,0.625,TGA
orf1465,+,0,2220264,300,0.547,TAA
orf1466,+,1,2220859,321,0.542,TGA
orf1467,+,0,2222352,315,0.556,TGA
orf1468,+,1,2222872,306,0.585,TGA
orf1469,+,0,2223252,639,0.592,TGA
orf1470,+,2,2223338,330,0.591,TGA
orf1471,+,1,2225239,405,0.598,TGA
orf1472,+,1,2225761,342,0.558,TAG
orf1473,+,1,2226250,1023,0.58,TAA
orf1474,+,2,2227199,387,0.548,TAG
orf1475,+,1,2228161,450,0.567,TGA
orf1476,+,0,2228607,408,0.596,TAG
orf1477,+,1,2229175,324,0.605,TGA
orf1478,+,0,2229354,318,0.594,TGA
orf1479,+,2,2229491,894,0.574,TGA
orf1480,+,0,2230473,468,0.618,TGA
orf1481,+,2,2230547,303,0.64,TGA
orf1482,+,0,2230995,369,0.558,TGA
orf1483,+,2,2231360,366,0.612,TGA
orf1484,+,2,2232413,387,0.579,TAA
orf1485,+,1,2236156,384,0.529,TAA
orf1486,+,1,2239765,300,0.567,TAA
orf1487,+,2,2242928,387,0.527,TAA
orf1488,+,0,2246556,567,0.547,TAA
orf1489,+,0,2247660,384,0.526,TAA
orf1490,+,1,2248522,372,0.465,TGA
orf1491,+,1,2249038,348,0.466,TAA
orf1492,+,2,2249738,300,0.457,TAA
orf1493,+,0,2251365,2472,0.493,TAA
orf1494,+,1,2251873,474,0.517,TGA
orf1495,+,0,2255610,342,0.509,TAA
orf1496,+,1,2255986,561,0.467,TAG
orf1497,+,2,2257364,309,0.55,TAA
orf1498,+,2,2257871,2427,0.508,TAA
orf1499,+,2,2260355,2427,0.511,TAA
orf1500,+,0,2262792,618,0.528,TAA
orf1501,+,1,2262805,357,0.504,TGA
orf1502,+,1,2263171,1095,0.533,TAA
orf1503,+,1,2264299,624,0.529,TAG
orf1504,+,2,2265080,1293,0.544,TAA
orf1505,+,0,2269602,1152,0.531,TGA
orf1506,+,0,2271150,336,0.497,TAA
orf1507,+,2,2271761,525,0.514,TAA
orf1508,+,1,2273713,1035,0.497,TGA
orf1509,+,1,2275240,309,0.563,TAA
orf1510,+,2,2275964,360,0.497,TGA
orf1511,+,0,2278227,945,0.508,TAA
orf1512,+,2,2279357,1383,0.531,TAA
orf1513,+,2,2280776,723,0.508,TAA
orf1514,+,0,2281959,720,0.493,TAA
orf1515,+,0,2282682,1302,0.503,TGA
orf1516,+,0,2284059,930,0.505,TAA
orf1517,+,0,2287158,417,0.518,TAA
orf1518,+,0,2288376,1176,0.508,TAA
orf1519,+,1,2289652,1509,0.49,TAA
orf1520,+,1,2291794,312,0.446,TAA
orf1521,+,0,2294199,327,0.523,TAA
orf1522,+,2,2295116,462,0.502,TAA
orf1523,+,2,2297297,387,0.47,TGA
orf1524,+,2,2298779,1797,0.511,TAA
orf1525,+,2,2300585,1173,0.515,TAA
orf1526,+,0,2301861,1002,0.533,TAA
orf1527,+,1,2302666,438,0.518,TAA
orf1528,+,1,2304880,441,0.492,TAA
orf1529,+,2,2305397,582,0.512,TAA
orf1530,+,1,2305978,579,0.547,TAA
orf1531,+,2,2306549,2319,0.555,TAA
orf1532,+,0,2307645,405,0.553,TGA
orf1533,+,0,2308278,579,0.591,TAA
orf1534,+,2,2308868,1059,0.529,TAA
orf1535,+,2,2309930,621,0.528,TAA
orf1536,+,2,2310773,477,0.518,TGA
orf1537,+,1,2311249,636,0.489,TGA
orf1538,+,2,2312624,1374,0.525,TAA
orf1539,+,2,2314103,606,0.502,TAA
orf1540,+,0,2314998,381,0.53,TAA
orf1541,+,1,2316301,483,0.526,TAA
orf1542,+,0,2317005,309,0.485,TGA
orf1543,+,1,2319601,468,0.506,TAA
orf1544,+,0,2320989,858,0.502,TAA
orf1545,+,2,2321846,2013,0.529,TAA
orf1546,+,1,2325064,354,0.52,TGA
orf1547,+,1,2325748,600,0.52,TAG
orf1548,+,1,2326384,1098,0.528,TAA
orf1549,+,0,2327562,408,0.515,TAA
orf1550,+,0,2328072,648,0.545,TAA
orf1551,+,2,2328812,4617,0.568,TAG
orf1552,+,1,2332597,411,0.574,TGA
orf1553,+,2,2334230,747,0.475,TAA
orf1554,+,0,2335104,582,0.493,TAA
orf1555,+,2,2337554,1026,0.53,TAA
orf1556,+,2,2339621,1212,0.532,TGA
orf1557,+,1,2341123,1149,0.483,TAA
orf1558,+,2,2343248,1293,0.536,TAA
orf1559,+,1,2345605,348,0.497,TGA
orf1560,+,2,2346410,306,0.451,TGA
orf1561,+,1,2346841,1605,0.471,TAA
orf1562,+,0,2348739,666,0.515,TAA
orf1563,+,1,2350888,300,0.51,TGA
orf1564,+,1,2355193,1629,0.498,TAA
orf1565,+,2,2359559,495,0.564,TAA
orf1566,+,1,2360005,741,0.545,TAA
orf1567,+,2,2362898,381,0.528,TGA
orf1568,+,0,2366700,336,0.545,TGA
orf1569,+,1,2366815,336,0.533,TAG
orf1570,+,2,2367104,342,0.535,TGA
orf1571,+,0,2367348,315,0.527,TGA
orf1572,+,0,2368785,1113,0.545,TAA
orf1573,+,2,2370326,357,0.457,TAA
orf1574,+,2,2370782,1215,0.447,TAA
orf1575,+,0,2372223,1266,0.456,TAA
orf1576,+,2,2373500,867,0.475,TGA
orf1577,+,2,2374397,759,0.506,TAA
orf1578,+,2,2375300,1596,0.474,TAA
orf1579,+,0,2376855,1206,0.513,TAA
orf1580,+,0,2379309,786,0.514,TGA
orf1581,+,1,2380114,939,0.531,TAA
orf1582,+,2,2381108,1290,0.543,TGA
orf1583,+,0,2382690,1701,0.499,TAA
orf1584,+,1,2384368,432,0.532,TGA
orf1585,+,2,2386001,807,0.546,TGA
orf1586,+,1,2387158,834,0.507,TAG
orf1587,+,1,2388025,1170,0.526,TGA
orf1588,+,0,2394483,441,0.549,TGA
orf1589,+,1,2396083,354,0.528,TAA
orf1590,+,1,2396599,552,0.558,TAA
orf1591,+,1,2397265,372,0.573,TAA
orf1592,+,0,2397828,717,0.548,TAA
orf1593,+,0,2402805,1899,0.393,TAA
orf1594,+,2,2406080,933,0.54,TAA
orf1595,+,0,2407509,861,0.519,TGA
orf1596,+,1,2407804,492,0.528,TAA
orf1597,+,0,2409093,669,0.519,TAA
orf1598,+,0,2409924,591,0.504,TAA
orf1599,+,0,2410647,1392,0.527,TAA
orf1600,+,1,2413579,2262,0.515,TAA
orf1601,+,2,2414612,507,0.501,TAA
orf1602,+,2,2416889,384,0.469,TAA
orf1603,+,1,2421970,828,0.492,TAA
orf1604,+,2,2423165,750,0.523,TGA
orf1605,+,0,2424219,303,0.495,TGA
orf1606,+,0,2427027,300,0.547,TAA
orf1607,+,1,2431927,819,0.537,TAA
orf1608,+,2,2432912,711,0.477,TAG
orf1609,+,0,2433465,840,0.485,TAA
orf1610,+,2,2434319,708,0.518,TGA
orf1611,+,1,2435026,549,0.566,TAA
orf1612,+,1,2435581,1170,0.554,TAA
orf1613,+,2,2436707,354,0.576,TGA
orf1614,+,0,2436723,1536,0.562,TAA
orf1615,+,2,2438171,741,0.502,TAA
orf1616,+,2,2438963,1323,0.535,TAA
orf1617,+,1,2440480,339,0.56,TAA
orf1618,+,0,2441001,408,0.542,TAG
orf1619,+,2,2441882,1344,0.535,TAA
orf1620,+,0,2442690,498,0.542,TGA
orf1621,+,0,2443359,345,0.432,TAG
orf1622,+,0,2444847,402,0.535,TGA
orf1623,+,2,2445791,327,0.581,TAG
orf1624,+,0,2446428,519,0.566,TGA
orf1625,+,1,2447254,315,0.508,TGA
orf1626,+,0,2448348,1857,0.521,TAA
orf1627,+,1,2450227,804,0.48,TAA
orf1628,+,0,2451162,1017,0.508,TAA
orf1629,+,1,2452171,660,0.529,TAA
orf1630,+,2,2454236,327,0.532,TAA
orf1631,+,1,2454562,888,0.539,TGA
orf1632,+,1,2457439,519,0.499,TAA
orf1633,+,2,2460872,315,0.441,TGA
orf1634,+,0,2461644,348,0.509,TAA
orf1635,+,0,2462034,963,0.495,TGA
orf1636,+,1,2462041,369,0.523,TGA
orf1637,+,1,2464372,996,0.5,TAA
orf1638,+,0,2465430,906,0.497,TAA
orf1639,+,1,2467300,543,0.527,TGA
orf1640,+,1,2468512,1935,0.499,TAA
orf1641,+,2,2469947,426,0.493,TGA
orf1642,+,2,2470559,1284,0.494,TAA
orf1643,+,1,2472121,1344,0.389,TAA
orf1644,+,1,2473558,1578,0.459,TGA
orf1645,+,1,2475178,504,0.512,TAA
orf1646,+,2,2475956,447,0.546,TAG
orf1647,+,0,2477277,1182,0.529,TAA
orf1648,+,0,2478513,348,0.523,TGA
orf1649,+,2,2479403,765,0.484,TAA
orf1650,+,0,2481024,492,0.488,TGA
orf1651,+,1,2483515,1086,0.541,TAA
orf1652,+,2,2484851,1611,0.505,TGA
orf1653,+,0,2486493,1125,0.515,TAA
orf1654,+,1,2487673,966,0.503,TAG
orf1655,+,0,2490447,507,0.533,TAA
orf1656,+,0,2491917,324,0.546,TAA
orf1657,+,1,2493403,330,0.545,TGA
orf1658,+,2,2495192,348,0.52,TAA
orf1659,+,0,2495901,360,0.422,TGA
orf1660,+,0,2496633,1362,0.507,TAA
orf1661,+,0,2498778,1347,0.542,TAA
orf1662,+,1,2500255,1599,0.502,TAA
orf1663,+,1,2501941,489,0.573,TGA
orf1664,+,2,2502119,438,0.58,TAA
orf1665,+,1,2503942,906,0.5,TAA
orf1666,+,0,2504910,801,0.514,TAA
orf1667,+,0,2505723,852,0.528,TAA
orf1668,+,0,2506629,459,0.453,TGA
orf1669,+,0,2507274,810,0.51,TAA
orf1670,+,2,2508764,543,0.468,TAA
orf1671,+,0,2511252,315,0.517,TGA
orf1672,+,1,2512105,1374,0.52,TAA
orf1673,+,1,2513734,498,0.544,TAA
orf1674,+,1,2518087,1284,0.504,TGA
orf1675,+,2,2519333,2640,0.531,TAA
orf1676,+,1,2521948,1545,0.527,TGA
orf1677,+,0,2525283,405,0.496,TAA
orf1678,+,2,2526851,318,0.478,TAA
orf1679,+,1,2527270,657,0.521,TAG
orf1680,+,0,2527950,663,0.519,TAA
orf1681,+,2,2529983,504,0.494,TAA
orf1682,+,0,2530755,459,0.503,TAG
orf1683,+,0,2532711,1179,0.54,TAA
orf1684,+,1,2535334,474,0.559,TGA
orf1685,+,0,2535774,318,0.553,TGA
orf1686,+,1,2536954,960,0.512,TAA
orf1687,+,0,2537148,366,0.552,TAA
orf1688,+,2,2538482,870,0.493,TAA
orf1689,+,0,2539479,1443,0.525,TAA
orf1690,+,0,2544492,756,0.489,TGA
orf1691,+,2,2545244,786,0.51,TAA
orf1692,+,0,2546151,540,0.556,TAA
orf1693,+,0,2549379,720,0.514,TAG
orf1694,+,2,2550710,303,0.554,TAA
orf1695,+,2,2551082,321,0.523,TAA
orf1696,+,1,2551105,1179,0.539,TAA
orf1697,+,1,2552761,567,0.526,TGA
orf1698,+,0,2553324,819,0.507,TGA
orf1699,+,1,2554195,396,0.5,TAG
orf1700,+,2,2554631,744,0.507,TGA
orf1701,+,1,2555371,972,0.516,TAA
orf1702,+,0,2557443,372,0.535,TAA
orf1703,+,1,2558737,354,0.517,TAA
orf1704,+,0,2562033,1692,0.532,TAA
orf1705,+,0,2565264,309,0.55,TAG
orf1706,+,1,2566693,858,0.542,TAG
orf1707,+,1,2568256,444,0.511,TAA
orf1708,+,0,2570718,537,0.551,TAA
orf1709,+,0,2571351,306,0.556,TGA
orf1710,+,1,2571562,321,0.558,TGA
orf1711,+,1,2572831,354,0.52,TGA
orf1712,+,1,2573218,579,0.579,TAG
orf1713,+,2,2577218,345,0.545,TAA
orf1714,+,1,2580904,429,0.452,TAA
orf1715,+,1,2581828,516,0.477,TAA
orf1716,+,1,2584246,378,0.516,TGA
orf1717,+,0,2586990,348,0.506,TAA
orf1718,+,0,2588076,504,0.48,TGA
orf1719,+,1,2589373,324,0.5,TAA
orf1720,+,0,2589867,498,0.43,TAA
orf1721,+,2,2590892,1152,0.511,TGA
orf1722,+,1,2596105,351,0.47,TAA
orf1723,+,2,2597201,417,0.439,TAG
orf1724,+,2,2598104,300,0.543,TAA
orf1725,+,1,2598415,618,0.534,TGA
orf1726,+,0,2599029,366,0.527,TAA
orf1727,+,0,2599401,2823,0.575,TGA
orf1728,+,1,2602300,960,0.548,TAA
orf1729,+,2,2603264,315,0.505,TAA
orf1730,+,2,2604686,345,0.493,TGA
orf1731,+,0,2606679,369,0.561,TGA
orf1732,+,0,2607072,321,0.517,TAA
orf1733,+,2,2609177,330,0.552,TGA
orf1734,+,2,2609585,327,0.508,TAA
orf1735,+,0,2611053,603,0.541,TAA
orf1736,+,1,2611570,456,0.559,TGA
orf1737,+,2,2617349,468,0.462,TAA
orf1738,+,0,2621847,387,0.509,TAA
orf1739,+,0,2626383,1416,0.522,TAA
orf1740,+,0,2627823,411,0.494,TGA
orf1741,+,2,2628233,366,0.516,TGA
orf1742,+,1,2628676,1488,0.495,TAA
orf1743,+,1,2630797,1206,0.549,TGA
orf1744,+,0,2632341,669,0.525,TGA
orf1745,+,2,2633120,480,0.469,TGA
orf1746,+,1,2635258,300,0.457,TGA
orf1747,+,1,2637712,1659,0.546,TAA
orf1748,+,2,2638412,408,0.544,TGA
orf1749,+,2,2639363,996,0.559,TGA
orf1750,+,0,2640351,687,0.571,TAA
orf1751,+,1,2640901,1572,0.59,TAA
orf1752,+,1,2642491,444,0.529,TGA
orf1753,+,0,2642931,1128,0.548,TAA
orf1754,+,2,2644163,465,0.533,TAA
orf1755,+,0,2644587,1050,0.528,TGA
orf1756,+,2,2645633,414,0.551,TAG
orf1757,+,1,2646049,366,0.555,TGA
orf1758,+,0,2646414,738,0.534,TAG
orf1759,+,1,2647438,786,0.477,TAA
orf1760,+,0,2647461,339,0.54,TAA
orf1761,+,2,2648513,624,0.383,TAA
orf1762,+,0,2650056,816,0.521,TAA
orf1763,+,2,2653430,504,0.52,TGA
orf1764,+,1,2654032,300,0.497,TAA
orf1765,+,2,2654084,921,0.532,TAA
orf1766,+,0,2655846,507,0.535,TAA
orf1767,+,1,2658565,675,0.447,TAA
orf1768,+,0,2659206,576,0.439,TAA
orf1769,+,0,2660373,852,0.487,TAA
orf1770,+,1,2663494,414,0.418,TAA
orf1771,+,0,2664015,1005,0.527,TGA
orf1772,+,0,2665020,636,0.483,TAA
orf1773,+,1,2665891,672,0.388,TGA
orf1774,+,1,2666905,531,0.422,TAA
orf1775,+,0,2668572,654,0.333,TAA
orf1776,+,0,2669550,1014,0.502,TGA
orf1777,+,1,2669830,405,0.543,TGA
orf1778,+,0,2670849,735,0.619,TGA
orf1779,+,2,2671703,348,0.603,TGA
orf1780,+,2,2674010,783,0.582,TGA
orf1781,+,0,2674635,396,0.644,TAG
orf1782,+,2,2676158,348,0.601,TGA
orf1783,+,2,2676854,315,0.606,TGA
orf1784,+,2,2677352,693,0.597,TAA
orf1785,+,0,2677383,645,0.602,TGA
orf1786,+,2,2678252,333,0.64,TGA
orf1787,+,0,2678910,303,0.601,TGA
orf1788,+,2,2679383,735,0.599,TGA
orf1789,+,0,2679468,414,0.606,TGA
orf1790,+,2,2680721,462,0.584,TGA
orf1791,+,2,2681846,1335,0.543,TGA
orf1792,+,0,2682654,300,0.53,TAG
orf1793,+,2,2684345,312,0.606,TGA
orf1794,+,1,2684866,576,0.611,TGA
orf1795,+,2,2686613,597,0.58,TGA
orf1796,+,2,2688179,525,0.554,TGA
orf1797,+,2,2691668,330,0.467,TAG
orf1798,+,1,2692267,384,0.518,TAA
orf1799,+,1,2693530,327,0.541,TGA
orf1800,+,0,2693853,891,0.54,TGA
orf1801,+,1,2694709,336,0.506,TAA
orf1802,+,2,2697041,300,0.563,TAA
orf1803,+,2,2699447,309,0.511,TAA
orf1804,+,0,2700198,531,0.552,TGA
orf1805,+,1,2702644,420,0.49,TGA
orf1806,+,2,2704559,351,0.575,TAA
orf1807,+,1,2706202,648,0.426,TAA
orf1808,+,0,2708226,2199,0.491,TGA
orf1809,+,1,2708734,474,0.517,TGA
orf1810,+,1,2710360,339,0.493,TAA
orf1811,+,1,2710960,1023,0.434,TAA
orf1812,+,2,2712218,798,0.457,TAA
orf1813,+,2,2713478,4008,0.506,TAA
orf1814,+,0,2717661,3828,0.493,TGA
orf1815,+,1,2723116,1317,0.503,TGA
orf1816,+,0,2724378,1611,0.493,TAA
orf1817,+,1,2725000,330,0.506,TAA
orf1818,+,0,2726607,441,0.383,TAA
orf1819,+,0,2735595,381,0.517,TGA
orf1820,+,2,2735972,348,0.586,TAA
orf1821,+,0,2736369,1539,0.585,TAA
orf1822,+,1,2739343,2160,0.452,TGA
orf1823,+,0,2741874,327,0.526,TGA
orf1824,+,2,2742197,891,0.535,TGA
orf1825,+,0,2743053,900,0.526,TGA
orf1826,+,2,2744201,654,0.538,TGA
orf1827,+,1,2744851,1071,0.545,TAA
orf1828,+,1,2746057,684,0.461,TAA
orf1829,+,1,2746756,411,0.414,TAA
orf1830,+,2,2747387,822,0.568,TGA
orf1831,+,2,2748290,480,0.542,TGA
orf1832,+,1,2748784,477,0.574,TAA
orf1833,+,2,2751080,357,0.499,TAA
orf1834,+,2,2755262,1428,0.5,TAA
orf1835,+,0,2756790,384,0.521,TAG
orf1836,+,1,2758972,468,0.53,TGA
orf1837,+,0,2762256,900,0.546,TGA
orf1838,+,2,2763161,1305,0.572,TGA
orf1839,+,1,2764462,1071,0.549,TGA
orf1840,+,0,2765532,1068,0.533,TAA
orf1841,+,2,2766599,591,0.558,TGA
orf1842,+,1,2767189,738,0.56,TAA
orf1843,+,0,2767908,777,0.521,TAA
orf1844,+,2,2768678,612,0.533,TGA
orf1845,+,2,2771942,939,0.521,TAG
orf1846,+,1,2775442,372,0.532,TAA
orf1847,+,0,2775642,585,0.552,TAA
orf1848,+,0,2779791,300,0.423,TGA
orf1849,+,0,2791269,414,0.563,TGA
orf1850,+,2,2791499,318,0.563,TAA
orf1851,+,0,2794035,486,0.521,TGA
orf1852,+,1,2794255,330,0.515,TAG
orf1853,+,0,2794842,594,0.542,TAA
orf1854,+,1,2795290,639,0.546,TGA
orf1855,+,1,2797264,816,0.556,TAA
orf1856,+,1,2798680,357,0.555,TAA
orf1857,+,1,2800054,360,0.553,TAA
orf1858,+,0,2800482,597,0.576,TAA
orf1859,+,1,2801689,396,0.588,TGA
orf1860,+,0,2802807,588,0.556,TGA
orf1861,+,1,2808445,306,0.546,TGA
orf1862,+,0,2809053,366,0.511,TGA
orf1863,+,1,2810917,354,0.531,TGA
orf1864,+,1,2811487,489,0.53,TAG
orf1865,+,2,2813276,1584,0.53,TGA
orf1866,+,1,2814934,339,0.422,TGA
orf1867,+,0,2819112,534,0.543,TAA
orf1868,+,1,2819737,450,0.538,TAA
orf1869,+,2,2819975,2457,0.522,TGA
orf1870,+,1,2823562,1305,0.566,TAA
orf1871,+,0,2827935,327,0.505,TGA
orf1872,+,2,2829329,1368,0.544,TGA
orf1873,+,1,2830696,3123,0.565,TAA
orf1874,+,1,2833909,2988,0.565,TAA
orf1875,+,0,2836167,441,0.569,TGA
orf1876,+,1,2836897,1416,0.554,TGA
orf1877,+,0,2838309,1404,0.539,TGA
orf1878,+,2,2839709,723,0.539,TAG
orf1879,+,0,2840583,372,0.481,TAA
orf1880,+,0,2841102,1362,0.54,TGA
orf1881,+,2,2843516,900,0.498,TAA
orf1882,+,1,2850679,354,0.48,TAG
orf1883,+,1,2852353,1278,0.506,TGA
orf1884,+,0,2853627,1005,0.556,TGA
orf1885,+,2,2854628,966,0.563,TAG
orf1886,+,2,2856299,300,0.487,TGA
orf1887,+,1,2857441,318,0.566,TGA
orf1888,+,2,2858492,300,0.537,TAA
orf1889,+,2,2860457,348,0.408,TAA
orf1890,+,2,2860814,315,0.4,TAA
orf1891,+,0,2861631,840,0.504,TAA
orf1892,+,1,2862508,519,0.461,TAA
orf1893,+,2,2868980,309,0.502,TAA
orf1894,+,1,2870020,2043,0.526,TAA
orf1895,+,0,2872203,729,0.464,TAG
orf1896,+,0,2873121,2892,0.491,TAA
orf1897,+,0,2876025,1281,0.432,TGA
orf1898,+,1,2877469,1542,0.534,TAA
orf1899,+,1,2879020,3630,0.507,TAA
orf1900,+,2,2882711,318,0.384,TAA
orf1901,+,0,2884203,1155,0.528,TGA
orf1902,+,1,2885368,1530,0.55,TAG
orf1903,+,1,2886916,732,0.571,TGA
orf1904,+,2,2887415,1362,0.545,TGA
orf1905,+,1,2888773,2238,0.546,TGA
orf1906,+,1,2892202,474,0.418,TAA
orf1907,+,2,2893775,390,0.515,TGA
orf1908,+,0,2894835,480,0.525,TAG
orf1909,+,1,2895163,336,0.56,TAG
orf1910,+,0,2896926,735,0.619,TGA
orf1911,+,2,2897780,348,0.595,TGA
orf1912,+,2,2900084,648,0.574,TGA
orf1913,+,0,2900547,555,0.638,TAG
orf1914,+,2,2902229,348,0.601,TGA
orf1915,+,2,2902925,315,0.606,TGA
orf1916,+,2,2903423,693,0.597,TAA
orf1917,+,0,2903454,645,0.602,TGA
orf1918,+,2,2904323,333,0.64,TGA
orf1919,+,0,2904981,303,0.601,TGA
orf1920,+,2,2905454,696,0.601,TAA
orf1921,+,0,2905539,414,0.614,TGA
orf1922,+,0,2907039,465,0.602,TGA
orf1923,+,0,2907975,306,0.516,TAA
orf1924,+,0,2908593,675,0.553,TGA
orf1925,+,1,2908741,300,0.547,TAG
orf1926,+,2,2909816,369,0.588,TAA
orf1927,+,2,2910227,384,0.583,TAA
orf1928,+,2,2912255,327,0.538,TGA
orf1929,+,1,2912578,891,0.54,TGA
orf1930,+,1,2915176,300,0.53,TAA
orf1931,+,1,2916010,330,0.567,TAG
orf1932,+,2,2916287,573,0.579,TGA
orf1933,+,0,2920794,321,0.548,TAG
orf1934,+,2,2922998,342,0.52,TGA
orf1935,+,0,2923428,312,0.567,TAA
orf1936,+,2,2926577,312,0.481,TGA
orf1937,+,2,2928263,315,0.505,TGA
orf1938,+,0,2932749,648,0.525,TGA
orf1939,+,2,2933807,552,0.413,TAA
orf1940,+,1,2934841,303,0.502,TGA
orf1941,+,1,2936002,369,0.385,TGA
orf1942,+,1,2937097,786,0.522,TGA
orf1943,+,0,2937879,678,0.516,TAA
orf1944,+,0,2940003,456,0.443,TGA
orf1945,+,1,2940970,357,0.482,TGA
orf1946,+,0,2941323,363,0.496,TGA
orf1947,+,0,2942460,1287,0.434,TAA
orf1948,+,2,2943938,531,0.533,TAA
orf1949,+,0,2946120,594,0.551,TAA
orf1950,+,2,2946992,321,0.576,TGA
orf1951,+,1,2947006,327,0.584,TAA
orf1952,+,0,2949066,609,0.558,TGA
orf1953,+,0,2949807,552,0.542,TGA
orf1954,+,0,2951067,1746,0.52,TAA
orf1955,+,1,2952292,336,0.524,TGA
orf1956,+,1,2954677,615,0.535,TAA
orf1957,+,1,2955343,354,0.542,TAA
orf1958,+,0,2957028,345,0.583,TGA
orf1959,+,0,2959335,519,0.574,TGA
orf1960,+,0,2960304,303,0.604,TGA
orf1961,+,1,2961727,330,0.539,TAA
orf1962,+,0,2963790,513,0.626,TGA
orf1963,+,2,2964530,957,0.496,TAG
orf1964,+,0,2965617,399,0.494,TGA
orf1965,+,2,2966012,696,0.537,TAA
orf1966,+,2,2966837,885,0.547,TAA
orf1967,+,1,2967871,720,0.481,TAG
orf1968,+,1,2969026,1239,0.514,TAA
orf1969,+,2,2969048,402,0.507,TGA
orf1970,+,0,2970258,1236,0.51,TAA
orf1971,+,0,2973276,333,0.52,TGA
orf1972,+,1,2973835,330,0.442,TAG
orf1973,+,2,2974283,459,0.519,TAA
orf1974,+,2,2974817,336,0.512,TGA
orf1975,+,2,2978303,300,0.487,TAA
orf1976,+,1,2978902,837,0.544,TGA
orf1977,+,2,2981219,462,0.513,TAA
orf1978,+,0,2981589,300,0.493,TGA
orf1979,+,0,2982339,417,0.561,TAG
orf1980,+,1,2984695,1050,0.531,TAA
orf1981,+,2,2985818,858,0.524,TGA
orf1982,+,1,2986678,1089,0.516,TAA
orf1983,+,0,2988183,318,0.544,TAA
orf1984,+,2,2990282,660,0.438,TAA
orf1985,+,0,2992278,465,0.546,TAA
orf1986,+,0,2998791,1182,0.531,TAA
orf1987,+,0,3000123,828,0.506,TAA
orf1988,+,0,3001164,1476,0.526,TAA
orf1989,+,0,3002946,798,0.549,TAA
orf1990,+,2,3003782,714,0.44,TAA
orf1991,+,0,3004908,567,0.469,TAA
orf1992,+,0,3005655,1557,0.506,TAA
orf1993,+,0,3007293,1815,0.507,TAG
orf1994,+,0,3009108,1095,0.513,TAA
orf1995,+,2,3010202,1026,0.53,TAG
orf1996,+,0,3011229,1590,0.515,TGA
orf1997,+,2,3012704,324,0.506,TAA
orf1998,+,0,3013539,393,0.511,TAA
orf1999,+,2,3014198,306,0.592,TAA
orf2000,+,0,3015561,1761,0.531,TAA
orf2001,+,1,3017788,630,0.529,TAA
orf2002,+,0,3019305,1761,0.521,TGA
orf2003,+,2,3021749,471,0.518,TGA
orf2004,+,2,3022259,303,0.502,TGA
orf2005,+,0,3024198,678,0.512,TAA
orf2006,+,1,3026395,315,0.575,TGA
orf2007,+,0,3027165,600,0.573,TAA
orf2008,+,0,3029010,312,0.532,TGA
orf2009,+,2,3029321,336,0.58,TGA
orf2010,+,2,3030248,384,0.544,TGA
orf2011,+,0,3031263,579,0.508,TGA
orf2012,+,0,3032064,369,0.566,TGA
orf2013,+,0,3034926,474,0.546,TAA
orf2014,+,1,3037456,489,0.501,TAA
orf2015,+,1,3040294,492,0.553,TAA
orf2016,+,1,3046474,2673,0.494,TAG
orf2017,+,2,3049127,687,0.469,TAA
orf2018,+,0,3054381,327,0.55,TAG
orf2019,+,1,3062638,300,0.527,TAA
orf2020,+,0,3063423,621,0.556,TAA
orf2021,+,0,3064056,972,0.522,TAG
orf2022,+,2,3065288,771,0.536,TGA
orf2023,+,1,3067984,438,0.543,TGA
orf2024,+,0,3070647,2286,0.539,TGA
orf2025,+,1,3073027,1263,0.516,TGA
orf2026,+,2,3074681,438,0.489,TAG
orf2027,+,2,3075878,324,0.574,TGA
orf2028,+,2,3076670,879,0.429,TGA
orf2029,+,0,3078012,1071,0.324,TAA
orf2030,+,1,3079450,462,0.455,TAA
orf2031,+,1,3080143,321,0.486,TAA
orf2032,+,1,3082018,1629,0.573,TGA
orf2033,+,2,3083564,1332,0.558,TGA
orf2034,+,1,3084817,1266,0.543,TAA
orf2035,+,1,3086275,927,0.485,TAA
orf2036,+,1,3088132,330,0.582,TAG
orf2037,+,1,3088891,327,0.541,TGA
orf2038,+,0,3089214,891,0.54,TGA
orf2039,+,2,3095129,363,0.496,TAA
orf2040,+,2,3096422,1158,0.513,TAA
orf2041,+,2,3097583,969,0.499,TAA
orf2042,+,1,3098551,1983,0.515,TGA
orf2043,+,2,3098969,360,0.558,TGA
orf2044,+,0,3100530,891,0.531,TGA
orf2045,+,2,3101420,1653,0.509,TGA
orf2046,+,1,3103069,336,0.536,TAA
orf2047,+,0,3103404,387,0.483,TGA
orf2048,+,0,3105618,315,0.587,TAA
orf2049,+,1,3107020,477,0.522,TAA
orf2050,+,0,3108645,651,0.594,TGA
orf2051,+,1,3112120,918,0.504,TAA
orf2052,+,2,3113225,1224,0.35,TAA
orf2053,+,2,3115580,504,0.452,TGA
orf2054,+,2,3118421,567,0.534,TGA
orf2055,+,2,3119504,357,0.594,TGA
orf2056,+,1,3120145,1056,0.58,TAA
orf2057,+,2,3120953,366,0.577,TGA
orf2058,+,2,3124169,510,0.561,TAA
orf2059,+,2,3125054,999,0.555,TAA
orf2060,+,0,3126732,438,0.591,TAA
orf2061,+,0,3127209,567,0.549,TGA
orf2062,+,2,3127928,300,0.58,TAG
orf2063,+,1,3128323,1434,0.568,TAA
orf2064,+,0,3131742,453,0.497,TAA
orf2065,+,2,3133730,1218,0.504,TAA
orf2066,+,1,3135031,600,0.498,TAA
orf2067,+,2,3135491,309,0.518,TAA
orf2068,+,0,3137076,462,0.489,TAA
orf2069,+,2,3138308,333,0.505,TAA
orf2070,+,2,3139640,1203,0.525,TGA
orf2071,+,1,3140932,2130,0.555,TAA
orf2072,+,1,3143251,1521,0.523,TAA
orf2073,+,1,3146791,648,0.519,TAA
orf2074,+,0,3147495,363,0.444,TAA
orf2075,+,2,3147878,894,0.548,TGA
orf2076,+,0,3149256,300,0.433,TAA
orf2077,+,2,3150002,414,0.563,TAA
orf2078,+,0,3151998,342,0.497,TAA
orf2079,+,2,3158063,510,0.571,TGA
orf2080,+,1,3158776,531,0.556,TGA
orf2081,+,2,3159461,666,0.559,TGA
orf2082,+,0,3159906,300,0.517,TAG
orf2083,+,1,3161383,336,0.536,TAA
orf2084,+,1,3164302,996,0.527,TAA
orf2085,+,1,3167110,768,0.57,TGA
orf2086,+,0,3168522,1611,0.52,TAA
orf2087,+,0,3170697,420,0.517,TAG
orf2088,+,0,3171804,399,0.534,TAA
orf2089,+,2,3172976,504,0.563,TAA
orf2090,+,1,3173518,408,0.532,TGA
orf2091,+,2,3173735,660,0.535,TAA
orf2092,+,2,3174398,456,0.529,TGA
orf2093,+,2,3174968,552,0.524,TGA
orf2094,+,2,3178523,300,0.517,TGA
orf2095,+,2,3179498,600,0.537,TGA
orf2096,+,0,3185247,315,0.514,TGA
orf2097,+,0,3187713,1347,0.504,TGA
orf2098,+,1,3189424,1032,0.347,TAA
orf2099,+,1,3191899,933,0.486,TAA
orf2100,+,0,3193143,1158,0.478,TAG
orf2101,+,1,3196813,348,0.511,TAA
orf2102,+,0,3197307,696,0.437,TAG
orf2103,+,2,3200750,627,0.475,TAA
orf2104,+,2,3203564,372,0.513,TGA
orf2105,+,0,3204414,1443,0.51,TAA
orf2106,+,2,3207338,1329,0.512,TAA
orf2107,+,0,3207915,366,0.522,TAG
orf2108,+,2,3209486,339,0.392,TAA
orf2109,+,1,3211891,615,0.4,TAA
orf2110,+,2,3212510,3594,0.41,TAA
orf2111,+,1,3219259,339,0.481,TAA
orf2112,+,2,3220421,333,0.465,TAA
orf2113,+,1,3221725,552,0.424,TGA
orf2114,+,1,3223777,921,0.517,TAA
orf2115,+,0,3225315,441,0.558,TGA
orf2116,+,2,3226547,309,0.369,TAA
orf2117,+,1,3226822,1680,0.51,TGA
orf2118,+,0,3228591,660,0.474,TAA
orf2119,+,0,3229263,858,0.533,TAA
orf2120,+,2,3231878,342,0.541,TAA
orf2121,+,0,3233313,384,0.573,TGA
orf2122,+,1,3233869,789,0.565,TGA
orf2123,+,1,3235534,303,0.521,TAA
orf2124,+,2,3236624,693,0.512,TGA
orf2125,+,0,3236664,351,0.524,TGA
orf2126,+,1,3237763,1257,0.54,TAG
orf2127,+,0,3238308,300,0.507,TAA
orf2128,+,1,3239134,327,0.532,TAA
orf2129,+,1,3241174,1203,0.494,TAA
orf2130,+,0,3244614,336,0.491,TAA
orf2131,+,2,3245234,360,0.497,TAA
orf2132,+,0,3245595,393,0.468,TGA
orf2133,+,1,3247243,543,0.462,TAA
orf2134,+,1,3248278,1128,0.503,TAG
orf2135,+,1,3249976,342,0.439,TGA
orf2136,+,0,3250719,495,0.529,TAA
orf2137,+,2,3251324,999,0.517,TAA
orf2138,+,0,3253179,390,0.549,TGA
orf2139,+,0,3254091,399,0.529,TGA
orf2140,+,0,3255150,339,0.634,TGA
orf2141,+,0,3255738,405,0.464,TAA
orf2142,+,1,3255853,762,0.497,TAA
orf2143,+,2,3256799,972,0.502,TAA
orf2144,+,0,3258456,1728,0.495,TAA
orf2145,+,1,3260224,510,0.473,TAA
orf2146,+,1,3262126,342,0.591,TGA
orf2147,+,2,3262793,339,0.519,TAA
orf2148,+,2,3263696,471,0.594,TGA
orf2149,+,0,3267321,429,0.538,TGA
orf2150,+,1,3268210,477,0.537,TAA
orf2151,+,2,3269057,897,0.54,TAA
orf2152,+,2,3269957,1425,0.563,TGA
orf2153,+,0,3271386,1305,0.52,TAA
orf2154,+,0,3272733,927,0.557,TGA
orf2155,+,2,3273848,327,0.508,TAA
orf2156,+,0,3275454,870,0.505,TAA
orf2157,+,0,3276327,900,0.546,TAA
orf2158,+,0,3281988,342,0.605,TAG
orf2159,+,0,3282618,363,0.617,TAA
orf2160,+,0,3283314,564,0.544,TGA
orf2161,+,2,3284456,459,0.573,TGA
orf2162,+,0,3284994,531,0.61,TGA
orf2163,+,1,3285637,318,0.531,TGA
orf2164,+,0,3285885,354,0.573,TGA
orf2165,+,1,3286075,309,0.599,TGA
orf2166,+,0,3286248,387,0.602,TGA
orf2167,+,2,3286550,636,0.569,TGA
orf2168,+,1,3286879,507,0.562,TAA
orf2169,+,2,3288311,456,0.57,TAA
orf2170,+,2,3288827,300,0.603,TGA
orf2171,+,1,3289126,333,0.622,TGA
orf2172,+,1,3290566,324,0.556,TAG
orf2173,+,2,3290657,546,0.553,TAG
orf2174,+,0,3292812,597,0.539,TGA
orf2175,+,0,3293433,408,0.571,TGA
orf2176,+,0,3293859,408,0.517,TAA
orf2177,+,0,3294789,951,0.504,TAA
orf2178,+,1,3295759,2004,0.545,TGA
orf2179,+,2,3299723,555,0.6,TAG
orf2180,+,2,3301292,381,0.491,TAA
orf2181,+,0,3302004,1551,0.514,TAA
orf2182,+,1,3303718,3114,0.542,TAA
orf2183,+,2,3307370,357,0.471,TAG
orf2184,+,2,3307730,1128,0.532,TGA
orf2185,+,1,3310129,399,0.524,TGA
orf2186,+,0,3311154,699,0.571,TGA
orf2187,+,1,3312316,306,0.526,TGA
orf2188,+,1,3316126,447,0.494,TAA
orf2189,+,0,3316572,471,0.497,TGA
orf2190,+,0,3317256,657,0.554,TAA
orf2191,+,2,3317912,2019,0.552,TAA
orf2192,+,0,3319941,948,0.538,TAA
orf2193,+,2,3320624,300,0.53,TGA
orf2194,+,1,3320905,1440,0.558,TAA
orf2195,+,0,3322356,651,0.535,TAA
orf2196,+,2,3322445,342,0.55,TAG
orf2197,+,1,3323011,1581,0.541,TAA
orf2198,+,2,3324536,1761,0.543,TAA
orf2199,+,2,3326306,546,0.557,TGA
orf2200,+,1,3326848,759,0.563,TGA
orf2201,+,2,3327536,477,0.52,TGA
orf2202,+,1,3328042,2013,0.528,TAA
orf2203,+,1,3330076,849,0.504,TGA
orf2204,+,1,3332236,1464,0.54,TAA
orf2205,+,2,3332999,336,0.527,TGA
orf2206,+,0,3333720,360,0.528,TAA
orf2207,+,1,3336220,906,0.49,TGA
orf2208,+,2,3336554,342,0.532,TAA
orf2209,+,1,3337453,924,0.538,TAA
orf2210,+,0,3338376,639,0.54,TAA
orf2211,+,2,3339185,2067,0.489,TAA
orf2212,+,0,3341217,1581,0.508,TAA
orf2213,+,0,3345936,516,0.471,TAA
orf2214,+,0,3346467,540,0.489,TAA
orf2215,+,0,3347112,366,0.549,TGA
orf2216,+,2,3347216,576,0.547,TGA
orf2217,+,2,3349124,333,0.568,TGA
orf2218,+,0,3350373,1371,0.535,TAA
orf2219,+,1,3353821,462,0.552,TAA
orf2220,+,2,3354626,468,0.511,TAA
orf2221,+,1,3356152,414,0.558,TAG
orf2222,+,0,3356778,453,0.532,TGA
orf2223,+,0,3357333,579,0.522,TGA
orf2224,+,0,3360540,528,0.509,TAA
orf2225,+,1,3363472,735,0.507,TGA
orf2226,+,1,3364684,333,0.505,TGA
orf2227,+,2,3367847,351,0.558,TAG
orf2228,+,1,3370636,306,0.542,TAA
orf2229,+,2,3370712,486,0.531,TGA
orf2230,+,0,3372993,321,0.52,TGA
orf2231,+,1,3373306,1005,0.51,TAA
orf2232,+,0,3375018,345,0.455,TGA
orf2233,+,0,3375390,351,0.51,TAA
orf2234,+,0,3378282,375,0.557,TAA
orf2235,+,1,3383212,405,0.565,TAA
orf2236,+,2,3383942,804,0.544,TAA
orf2237,+,2,3384863,882,0.501,TAA
orf2238,+,0,3385914,1302,0.511,TGA
orf2239,+,0,3389532,1362,0.535,TGA
orf2240,+,2,3390890,519,0.526,TGA
orf2241,+,1,3391408,321,0.555,TGA
orf2242,+,0,3391725,813,0.558,TAA
orf2243,+,0,3392547,1203,0.541,TAA
orf2244,+,0,3393846,423,0.501,TAG
orf2245,+,1,3395032,459,0.547,TAA
orf2246,+,1,3395872,366,0.549,TAA
orf2247,+,1,3396388,831,0.574,TAA
orf2248,+,1,3401419,393,0.565,TGA
orf2249,+,1,3402784,492,0.545,TGA
orf2250,+,1,3403363,1194,0.507,TGA
orf2251,+,1,3404647,309,0.518,TAG
orf2252,+,0,3404922,948,0.532,TAA
orf2253,+,0,3406179,1212,0.523,TGA
orf2254,+,0,3407469,345,0.496,TAA
orf2255,+,1,3412000,900,0.564,TGA
orf2256,+,1,3412909,861,0.571,TAA
orf2257,+,1,3415063,438,0.516,TAA
orf2258,+,2,3416747,993,0.511,TAA
orf2259,+,1,3418198,411,0.523,TAA
orf2260,+,2,3419069,921,0.51,TGA
orf2261,+,1,3421465,513,0.559,TAA
orf2262,+,2,3422831,375,0.517,TGA
orf2263,+,2,3423254,639,0.54,TGA
orf2264,+,1,3430792,1623,0.53,TAA
orf2265,+,2,3433268,1335,0.548,TAA
orf2266,+,1,3435670,537,0.51,TAA
orf2267,+,2,3436379,378,0.463,TGA
orf2268,+,0,3436950,657,0.53,TGA
orf2269,+,0,3438261,603,0.556,TAA
orf2270,+,2,3438932,420,0.495,TAA
orf2271,+,1,3439396,723,0.523,TAA
orf2272,+,2,3440150,1455,0.564,TGA
orf2273,+,0,3441633,1179,0.525,TGA
orf2274,+,2,3442925,1356,0.488,TAA
orf2275,+,0,3445455,732,0.46,TAA
orf2276,+,2,3452000,495,0.521,TGA
orf2277,+,2,3452588,333,0.523,TAA
orf2278,+,0,3453252,468,0.538,TGA
orf2279,+,1,3455173,486,0.547,TAA
orf2280,+,0,3456264,738,0.512,TAA
orf2281,+,0,3457272,342,0.462,TAG
orf2282,+,0,3457863,1161,0.49,TGA
orf2283,+,0,3461478,366,0.459,TAA
orf2284,+,2,3461993,519,0.457,TAA
orf2285,+,0,3462501,1227,0.486,TAA
orf2286,+,0,3463743,483,0.513,TAA
orf2287,+,2,3466478,537,0.529,TGA
orf2288,+,1,3467176,615,0.548,TAA
orf2289,+,2,3467894,867,0.517,TAA
orf2290,+,2,3468827,1242,0.514,TAA
orf2291,+,2,3470090,753,0.485,TGA
orf2292,+,1,3470839,879,0.498,TAA
orf2293,+,2,3471803,1662,0.52,TAA
orf2294,+,0,3473613,342,0.494,TAA
orf2295,+,1,3474904,483,0.507,TAA
orf2296,+,2,3477755,651,0.41,TAA
orf2297,+,2,3478484,1059,0.357,TAA
orf2298,+,1,3480391,300,0.523,TGA
orf2299,+,1,3480742,327,0.541,TGA
orf2300,+,0,3481065,891,0.54,TGA
orf2301,+,0,3486345,330,0.448,TAA
orf2302,+,1,3490525,756,0.467,TGA
orf2303,+,1,3505222,369,0.477,TAA
orf2304,+,1,3508582,1239,0.382,TAG
orf2305,+,1,3509827,1008,0.381,TAA
orf2306,+,1,3511066,1083,0.52,TAA
orf2307,+,2,3512168,1269,0.576,TAA
orf2308,+,0,3513459,1449,0.573,TAA
orf2309,+,1,3514921,1281,0.585,TAG
orf2310,+,1,3516439,1401,0.513,TGA
orf2311,+,0,3517842,681,0.533,TAA
orf2312,+,1,3519397,300,0.53,TAA
orf2313,+,1,3519706,519,0.461,TGA
orf2314,+,0,3521349,450,0.493,TGA
orf2315,+,1,3522319,342,0.532,TAG
orf2316,+,0,3524232,432,0.516,TAA
orf2317,+,0,3525114,411,0.562,TGA
orf2318,+,2,3525536,2106,0.52,TAA
orf2319,+,2,3527651,960,0.485,TGA
orf2320,+,0,3528966,1203,0.485,TGA
orf2321,+,1,3530161,1065,0.583,TAA
orf2322,+,0,3531282,993,0.528,TAA
orf2323,+,1,3531949,300,0.54,TGA
orf2324,+,2,3532466,1185,0.55,TAA
orf2325,+,2,3533774,738,0.527,TGA
orf2326,+,0,3534501,336,0.551,TAA
orf2327,+,0,3534927,531,0.492,TAA
orf2328,+,0,3535584,1173,0.534,TAA
orf2329,+,1,3536773,1539,0.562,TAA
orf2330,+,1,3539329,501,0.539,TAA
orf2331,+,1,3542104,666,0.494,TAG
orf2332,+,2,3543815,330,0.555,TGA
orf2333,+,2,3544196,1830,0.537,TAA
orf2334,+,2,3549752,396,0.495,TGA
orf2335,+,2,3550769,504,0.56,TAG
orf2336,+,0,3551283,372,0.556,TAA
orf2337,+,0,3551658,780,0.523,TGA
orf2338,+,0,3552543,360,0.55,TAA
orf2339,+,0,3552969,774,0.482,TGA
orf2340,+,1,3553735,966,0.571,TAA
orf2341,+,0,3554730,303,0.564,TAA
orf2342,+,0,3555435,309,0.553,TAA
orf2343,+,0,3556398,1236,0.534,TGA
orf2344,+,2,3557630,1134,0.543,TAG
orf2345,+,1,3559822,405,0.558,TGA
orf2346,+,0,3560556,345,0.586,TGA
orf2347,+,1,3561271,330,0.533,TGA
orf2348,+,2,3561374,330,0.552,TAA
orf2349,+,1,3563242,1458,0.564,TGA
orf2350,+,0,3564702,1431,0.521,TAG
orf2351,+,1,3566452,336,0.539,TAA
orf2352,+,0,3567342,309,0.618,TAA
orf2353,+,2,3567911,363,0.576,TAA
orf2354,+,2,3569303,837,0.554,TAA
orf2355,+,2,3570230,372,0.575,TGA
orf2356,+,2,3570617,456,0.605,TGA
orf2357,+,0,3571302,507,0.592,TAA
orf2358,+,0,3572259,579,0.592,TAG
orf2359,+,2,3573038,375,0.587,TAG
orf2360,+,1,3574318,363,0.529,TGA
orf2361,+,1,3574684,873,0.552,TAG
orf2362,+,2,3575819,1122,0.561,TGA
orf2363,+,1,3576979,969,0.575,TAA
orf2364,+,2,3578021,2079,0.522,TAA
orf2365,+,0,3578439,402,0.488,TGA
orf2366,+,0,3580776,2562,0.565,TAA
orf2367,+,1,3583018,306,0.582,TGA
orf2368,+,0,3583443,657,0.423,TAA
orf2369,+,0,3585615,417,0.544,TAA
orf2370,+,0,3586521,441,0.515,TAG
orf2371,+,2,3591581,423,0.485,TGA
orf2372,+,0,3592998,303,0.518,TAG
orf2373,+,2,3596384,387,0.54,TGA
orf2374,+,1,3597103,1038,0.489,TGA
orf2375,+,0,3604542,300,0.527,TGA
orf2376,+,2,3609374,738,0.564,TAA
orf2377,+,1,3611242,426,0.566,TGA
orf2378,+,1,3612331,366,0.486,TGA
orf2379,+,0,3612774,1272,0.547,TAG
orf2380,+,0,3614313,576,0.469,TGA
orf2381,+,1,3615436,435,0.577,TGA
orf2382,+,2,3616169,318,0.56,TAA
orf2383,+,2,3618200,900,0.527,TGA
orf2384,+,2,3619109,345,0.481,TAA
orf2385,+,2,3620708,1278,0.497,TAA
orf2386,+,1,3622012,1479,0.494,TAA
orf2387,+,1,3625984,705,0.458,TGA
orf2388,+,0,3626922,1149,0.463,TGA
orf2389,+,2,3628076,906,0.481,TAA
orf2390,+,1,3629767,459,0.525,TGA
orf2391,+,1,3630520,390,0.536,TAA
orf2392,+,1,3631663,426,0.538,TGA
orf2393,+,1,3633406,363,0.482,TAG
orf2394,+,0,3637455,2757,0.498,TAA
orf2395,+,1,3640885,390,0.574,TGA
orf2396,+,1,3641404,408,0.483,TGA
orf2397,+,0,3641808,711,0.568,TAA
orf2398,+,0,3642885,300,0.503,TGA
orf2399,+,1,3643228,522,0.519,TGA
orf2400,+,2,3645641,351,0.55,TAA
orf2401,+,2,3647747,849,0.492,TAA
orf2402,+,2,3648737,1335,0.512,TAA
orf2403,+,0,3650628,1290,0.522,TAA
orf2404,+,0,3651975,1368,0.543,TAA
orf2405,+,0,3653565,645,0.532,TAA
orf2406,+,0,3654816,537,0.531,TAA
orf2407,+,0,3656634,1317,0.474,TGA
orf2408,+,2,3657983,1776,0.547,TAA
orf2409,+,2,3659837,1449,0.51,TGA
orf2410,+,0,3661287,423,0.489,TAA
orf2411,+,0,3661767,732,0.48,TGA
orf2412,+,2,3663953,390,0.482,TAA
orf2413,+,0,3665736,1206,0.561,TAA
orf2414,+,2,3666941,444,0.55,TAA
orf2415,+,1,3667891,402,0.53,TAA
orf2416,+,2,3668879,492,0.516,TGA
orf2417,+,1,3670615,447,0.535,TAA
orf2418,+,1,3671731,1242,0.531,TAA
orf2419,+,2,3673217,357,0.535,TAA
orf2420,+,2,3681725,312,0.554,TGA
orf2421,+,1,3687880,321,0.526,TAG
orf2422,+,0,3692061,690,0.536,TAG
orf2423,+,2,3692819,714,0.51,TGA
orf2424,+,0,3693996,1041,0.542,TAA
orf2425,+,2,3696488,318,0.557,TAG
orf2426,+,2,3697844,357,0.543,TGA
orf2427,+,2,3698999,1032,0.528,TAA
orf2428,+,2,3700700,372,0.53,TAA
orf2429,+,0,3701421,936,0.533,TAA
orf2430,+,0,3703215,363,0.526,TAA
orf2431,+,1,3704434,303,0.413,TGA
orf2432,+,1,3705712,360,0.511,TAA
orf2433,+,2,3707558,327,0.529,TAA
orf2434,+,1,3708247,1230,0.444,TAA
orf2435,+,1,3709903,666,0.372,TGA
orf2436,+,1,3710902,810,0.398,TGA
orf2437,+,0,3711795,393,0.336,TAA
orf2438,+,1,3713191,492,0.319,TAA
orf2439,+,1,3713908,492,0.329,TAA
orf2440,+,1,3714733,1377,0.346,TAA
orf2441,+,2,3716579,504,0.343,TGA
orf2442,+,0,3721977,501,0.335,TGA
orf2443,+,1,3737905,333,0.495,TAA
orf2444,+,0,3738636,2298,0.53,TGA
orf2445,+,1,3740944,879,0.534,TGA
orf2446,+,2,3741335,327,0.535,TAA
orf2447,+,0,3741819,480,0.521,TAA
orf2448,+,1,3744592,1191,0.496,TAA
orf2449,+,1,3745840,1197,0.536,TAA
orf2450,+,1,3747094,1212,0.517,TAA
orf2451,+,2,3747464,393,0.509,TAG
orf2452,+,2,3748358,1386,0.532,TAA
orf2453,+,1,3749791,933,0.493,TAA
orf2454,+,1,3753310,579,0.432,TAA
orf2455,+,1,3754210,3099,0.521,TAA
orf2456,+,2,3756872,300,0.533,TGA
orf2457,+,0,3757311,1329,0.526,TAA
orf2458,+,1,3758689,780,0.544,TGA
orf2459,+,2,3758756,381,0.551,TAA
orf2460,+,0,3759465,2871,0.529,TAA
orf2461,+,2,3762500,1401,0.489,TAA
orf2462,+,1,3763915,1320,0.489,TAA
orf2463,+,0,3765270,1368,0.529,TAA
orf2464,+,2,3766559,492,0.559,TAA
orf2465,+,1,3769447,1518,0.487,TAA
orf2466,+,1,3771214,549,0.505,TAA
orf2467,+,1,3771922,1416,0.52,TAA
orf2468,+,2,3774515,327,0.569,TAA
orf2469,+,0,3775320,312,0.593,TGA
orf2470,+,1,3776401,309,0.469,TAA
orf2471,+,0,3777516,432,0.509,TAA
orf2472,+,1,3778003,522,0.523,TGA
orf2473,+,2,3778451,411,0.521,TAA
orf2474,+,1,3779461,981,0.542,TAA
orf2475,+,2,3781691,1440,0.506,TAA
orf2476,+,2,3783431,504,0.571,TAA
orf2477,+,2,3784154,699,0.567,TAG
orf2478,+,0,3790152,381,0.604,TGA
orf2479,+,2,3790916,327,0.526,TAA
orf2480,+,0,3792483,309,0.498,TGA
orf2481,+,2,3792740,330,0.47,TGA
orf2482,+,1,3793171,747,0.527,TAA
orf2483,+,0,3795054,303,0.538,TGA
orf2484,+,0,3795462,360,0.55,TGA
orf2485,+,2,3797162,960,0.534,TAA
orf2486,+,1,3798325,2145,0.547,TAA
orf2487,+,2,3800462,996,0.537,TAA
orf2488,+,0,3801468,786,0.492,TAA
orf2489,+,2,3802277,1479,0.531,TAA
orf2490,+,1,3808420,396,0.487,TAA
orf2491,+,0,3809346,300,0.54,TGA
orf2492,+,0,3810930,363,0.507,TGA
orf2493,+,2,3811538,432,0.551,TAA
orf2494,+,0,3811992,579,0.572,TAA
orf2495,+,0,3812571,708,0.561,TAG
orf2496,+,2,3813266,678,0.546,TAA
orf2497,+,1,3813937,678,0.532,TAG
orf2498,+,2,3816320,579,0.565,TAA
orf2499,+,0,3821589,651,0.562,TGA
orf2500,+,1,3822397,885,0.514,TAA
orf2501,+,2,3823334,1044,0.557,TGA
orf2502,+,0,3826293,303,0.548,TAG
orf2503,+,2,3828191,1155,0.532,TAA
orf2504,+,0,3829782,1395,0.53,TAA
orf2505,+,1,3831253,498,0.536,TAA
orf2506,+,2,3831845,708,0.548,TAA
orf2507,+,0,3832632,732,0.53,TAA
orf2508,+,0,3833376,948,0.532,TAG
orf2509,+,0,3834435,564,0.509,TGA
orf2510,+,2,3834998,417,0.528,TAA
orf2511,+,0,3835929,315,0.549,TAA
orf2512,+,2,3836603,705,0.512,TAA
orf2513,+,1,3837325,567,0.515,TGA
orf2514,+,1,3838186,594,0.559,TAA
orf2515,+,2,3838772,1137,0.532,TAA
orf2516,+,2,3840014,387,0.457,TGA
orf2517,+,1,3840433,420,0.455,TAA
orf2518,+,1,3844606,1053,0.555,TAG
orf2519,+,2,3846023,1083,0.512,TAA
orf2520,+,2,3847259,1305,0.495,TAA
orf2521,+,0,3850209,333,0.498,TAA
orf2522,+,1,3851194,660,0.517,TGA
orf2523,+,1,3852232,1266,0.476,TAA
orf2524,+,1,3854488,675,0.486,TGA
orf2525,+,0,3855159,348,0.569,TAA
orf2526,+,1,3855526,1449,0.567,TGA
orf2527,+,1,3859678,891,0.553,TGA
orf2528,+,2,3861356,1650,0.314,TGA
orf2529,+,0,3863613,990,0.349,TAA
orf2530,+,0,3864651,675,0.341,TAG
orf2531,+,2,3865703,846,0.494,TAG
orf2532,+,2,3867200,1302,0.349,TAG
orf2533,+,1,3868507,828,0.327,TGA
orf2534,+,1,3870778,348,0.583,TAA
orf2535,+,2,3871175,1539,0.585,TAA
orf2536,+,2,3872936,351,0.524,TAA
orf2537,+,1,3873499,1404,0.552,TAA
orf2538,+,1,3875221,345,0.522,TGA
orf2539,+,2,3875804,483,0.542,TAA
orf2540,+,2,3877229,1053,0.547,TAA
orf2541,+,2,3878483,312,0.51,TGA
orf2542,+,2,3879080,867,0.542,TAA
orf2543,+,2,3882389,906,0.547,TAA
orf2544,+,2,3884747,789,0.542,TGA
orf2545,+,1,3888253,1041,0.521,TGA
orf2546,+,2,3890018,885,0.542,TAA
orf2547,+,2,3892514,1266,0.513,TAA
orf2548,+,0,3893919,660,0.511,TGA
orf2549,+,1,3895711,1164,0.547,TAA
orf2550,+,0,3896979,828,0.508,TAA
orf2551,+,0,3898383,546,0.476,TGA
orf2552,+,0,3899577,441,0.515,TGA
orf2553,+,0,3900099,1038,0.554,TAA
orf2554,+,0,3904776,765,0.541,TGA
orf2555,+,2,3907361,690,0.549,TAA
orf2556,+,1,3909256,660,0.518,TGA
orf2557,+,0,3909912,525,0.493,TAA
orf2558,+,2,3910430,831,0.545,TAA
orf2559,+,0,3911370,582,0.505,TAA
orf2560,+,0,3911982,315,0.502,TAA
orf2561,+,0,3912783,318,0.525,TGA
orf2562,+,1,3913573,336,0.488,TGA
orf2563,+,2,3915254,342,0.556,TAA
orf2564,+,2,3915596,474,0.553,TGA
orf2565,+,1,3917392,2142,0.481,TGA
orf2566,+,1,3920104,426,0.573,TGA
orf2567,+,1,3924202,1488,0.516,TGA
orf2568,+,1,3925804,705,0.556,TGA
orf2569,+,0,3926514,1161,0.505,TAA
orf2570,+,2,3928643,774,0.531,TAA
orf2571,+,2,3930101,447,0.532,TAG
orf2572,+,0,3930873,360,0.486,TAA
orf2573,+,2,3931736,615,0.423,TAG
orf2574,+,1,3932392,1662,0.507,TAA
orf2575,+,2,3935978,456,0.555,TGA
orf2576,+,1,3936565,519,0.545,TAA
orf2577,+,1,3937639,486,0.562,TAA
orf2578,+,0,3940734,621,0.527,TAA
orf2579,+,0,3941517,1140,0.566,TGA
orf2580,+,0,3944223,618,0.537,TGA
orf2581,+,0,3945456,312,0.542,TAA
orf2582,+,2,3945992,912,0.542,TGA
orf2583,+,1,3946900,606,0.536,TAA
orf2584,+,1,3947554,1464,0.554,TAA
orf2585,+,0,3950637,1746,0.522,TGA
orf2586,+,2,3952577,1842,0.529,TAA
orf2587,+,0,3955428,312,0.567,TAG
orf2588,+,2,3956309,624,0.53,TAA
orf2589,+,2,3958913,1491,0.547,TAG
orf2590,+,0,3960996,984,0.514,TAA
orf2591,+,0,3962127,3129,0.542,TGA
orf2592,+,2,3965252,450,0.451,TAA
orf2593,+,1,3965764,1434,0.493,TAA
orf2594,+,2,3967331,1071,0.519,TAA
orf2595,+,0,3968418,2352,0.545,TAA
orf2596,+,0,3971295,2019,0.573,TAA
orf2597,+,2,3974462,585,0.549,TAG
orf2598,+,0,3974679,522,0.548,TAG
orf2599,+,2,3975590,504,0.51,TGA
orf2600,+,0,3976170,693,0.517,TAA
orf2601,+,0,3976923,1005,0.521,TAA
orf2602,+,1,3978211,966,0.543,TGA
orf2603,+,0,3979575,1245,0.549,TAA
orf2604,+,2,3981941,507,0.525,TGA
orf2605,+,1,3983656,354,0.542,TGA
orf2606,+,0,3984735,1419,0.543,TAA
orf2607,+,0,3986268,792,0.511,TGA
orf2608,+,2,3987404,663,0.505,TAA
orf2609,+,2,3988070,384,0.542,TAA
orf2610,+,1,3988585,384,0.482,TAA
orf2611,+,2,3989006,306,0.546,TAA
orf2612,+,1,3989245,474,0.538,TAA
orf2613,+,2,3989666,342,0.573,TAA
orf2614,+,1,3990103,483,0.495,TAA
orf2615,+,1,3990655,987,0.506,TAA
orf2616,+,2,3990950,378,0.497,TAG
orf2617,+,1,3991933,366,0.516,TAA
orf2618,+,1,3992539,357,0.445,TAA
orf2619,+,2,3993947,702,0.533,TAG
orf2620,+,2,3995537,693,0.571,TGA
orf2621,+,0,3997932,330,0.567,TGA
orf2622,+,0,3998940,432,0.512,TAG
orf2623,+,2,4000121,777,0.544,TAA
orf2624,+,1,4006882,345,0.316,TAA
orf2625,+,1,4007461,561,0.358,TGA
orf2626,+,1,4008043,1188,0.309,TAG
orf2627,+,0,4009560,372,0.621,TAA
orf2628,+,0,4010385,438,0.568,TGA
orf2629,+,1,4013419,339,0.555,TGA
orf2630,+,0,4014516,1572,0.532,TGA
orf2631,+,1,4016236,336,0.476,TAA
orf2632,+,0,4016571,465,0.447,TGA
orf2633,+,0,4017303,357,0.535,TGA
orf2634,+,1,4017832,303,0.393,TGA
orf2635,+,2,4018166,1263,0.554,TAA
orf2636,+,0,4019451,474,0.513,TGA
orf2637,+,1,4019935,780,0.558,TAA
orf2638,+,2,4020704,879,0.516,TAA
orf2639,+,1,4021600,435,0.533,TGA
orf2640,+,0,4022010,1155,0.577,TGA
orf2641,+,2,4023515,1155,0.564,TAA
orf2642,+,2,4024682,861,0.524,TAA
orf2643,+,0,4025709,477,0.444,TAA
orf2644,+,2,4026452,576,0.523,TGA
orf2645,+,0,4026936,873,0.493,TAA
orf2646,+,0,4028091,474,0.504,TAA
orf2647,+,1,4028965,585,0.46,TAA
orf2648,+,2,4029629,696,0.441,TAA
orf2649,+,0,4030278,2592,0.473,TAA
orf2650,+,1,4031563,327,0.465,TAA
orf2651,+,1,4032682,552,0.467,TAA
orf2652,+,2,4033259,327,0.541,TGA
orf2653,+,1,4033582,891,0.54,TGA
orf2654,+,2,4034438,492,0.484,TAA
orf2655,+,0,4035897,2037,0.541,TAA
orf2656,+,2,4037891,396,0.545,TAA
orf2657,+,0,4038399,498,0.504,TAA
orf2658,+,0,4038906,576,0.545,TAG
orf2659,+,0,4039494,441,0.567,TAA
orf2660,+,0,4040010,354,0.605,TGA
orf2661,+,2,4041089,390,0.549,TAA
orf2662,+,0,4041450,540,0.507,TGA
orf2663,+,1,4041859,348,0.555,TGA
orf2664,+,2,4042463,303,0.545,TGA
orf2665,+,0,4043982,996,0.573,TGA
orf2666,+,1,4044820,351,0.564,TAA
orf2667,+,2,4044968,897,0.557,TAA
orf2668,+,1,4045945,1008,0.562,TAG
orf2669,+,0,4048848,1155,0.559,TAA
orf2670,+,2,4051520,2169,0.536,TAG
orf2671,+,0,4051905,303,0.525,TGA
orf2672,+,0,4055439,369,0.496,TAA
orf2673,+,1,4055797,1359,0.535,TGA
orf2674,+,2,4056956,330,0.567,TAG
orf2675,+,1,4057807,546,0.518,TGA
orf2676,+,2,4058510,360,0.522,TAG
orf2677,+,1,4058980,858,0.538,TAA
orf2678,+,1,4061134,1344,0.527,TAA
orf2679,+,2,4065812,579,0.544,TGA
orf2680,+,2,4067717,1488,0.546,TAA
orf2681,+,0,4068690,309,0.544,TGA
orf2682,+,1,4071460,1434,0.529,TAG
orf2683,+,0,4075536,474,0.447,TAA
orf2684,+,0,4076061,972,0.528,TAA
orf2685,+,2,4077845,318,0.563,TAG
orf2686,+,2,4078967,342,0.48,TGA
orf2687,+,2,4080812,327,0.55,TAA
orf2688,+,0,4080969,393,0.565,TAA
orf2689,+,2,4082627,978,0.52,TAA
orf2690,+,0,4083618,987,0.522,TAA
orf2691,+,2,4084625,567,0.52,TGA
orf2692,+,1,4085188,576,0.465,TAA
orf2693,+,2,4085732,558,0.491,TAA
orf2694,+,2,4086296,726,0.541,TGA
orf2695,+,1,4087069,1434,0.529,TGA
orf2696,+,2,4088930,492,0.516,TAG
orf2697,+,2,4089467,855,0.522,TGA
orf2698,+,1,4090804,633,0.509,TAA
orf2699,+,0,4094403,303,0.538,TGA
orf2700,+,2,4095524,330,0.558,TAA
orf2701,+,0,4096968,4569,0.572,TAA
orf2702,+,0,4101549,1419,0.553,TAA
orf2703,+,0,4103151,1050,0.489,TAA
orf2704,+,1,4104802,534,0.607,TAA
orf2705,+,2,4107401,309,0.586,TAA
orf2706,+,2,4108280,420,0.524,TAA
orf2707,+,1,4109407,336,0.533,TAA
orf2708,+,1,4110115,1365,0.505,TAA
orf2709,+,2,4111577,420,0.55,TAG
orf2710,+,1,4112344,330,0.518,TAG
orf2711,+,2,4115420,405,0.543,TAA
orf2712,+,2,4115978,1368,0.522,TAA
orf2713,+,1,4117435,1068,0.527,TAA
orf2714,+,2,4119164,363,0.51,TGA
orf2715,+,0,4119939,471,0.484,TAA
orf2716,+,1,4120723,315,0.473,TAA
orf2717,+,2,4123451,375,0.544,TGA
orf2718,+,2,4124753,930,0.528,TAA
orf2719,+,2,4127384,453,0.536,TAA
orf2720,+,0,4127991,339,0.513,TAA
orf2721,+,2,4128872,354,0.5,TAA
orf2722,+,0,4130163,576,0.585,TGA
orf2723,+,0,4131069,318,0.513,TGA
orf2724,+,2,4134080,621,0.546,TAA
orf2725,+,2,4135034,339,0.572,TAA
orf2726,+,2,4137008,303,0.528,TAA
orf2727,+,0,4138443,975,0.553,TAA
orf2728,+,2,4140395,471,0.516,TAA
orf2729,+,0,4140876,1350,0.533,TAA
orf2730,+,1,4142560,1458,0.54,TAA
orf2731,+,0,4144029,882,0.546,TAA
orf2732,+,1,4145239,966,0.523,TAA
orf2733,+,2,4146611,885,0.475,TAA
orf2734,+,2,4148822,1158,0.522,TAA
orf2735,+,1,4149991,1887,0.511,TAA
orf2736,+,1,4151908,1233,0.513,TAA
orf2737,+,2,4154045,1026,0.495,TAA
orf2738,+,0,4155120,1200,0.506,TAA
orf2739,+,0,4156326,1107,0.519,TGA
orf2740,+,2,4156793,312,0.535,TAA
orf2741,+,1,4157440,759,0.481,TAA
orf2742,+,1,4158259,321,0.545,TAA
orf2743,+,1,4164247,555,0.486,TGA
orf2744,+,0,4168701,510,0.467,TAA
orf2745,+,2,4169366,807,0.524,TGA
orf2746,+,2,4170218,1290,0.498,TGA
orf2747,+,2,4171529,1377,0.503,TAA
orf2748,+,2,4173035,411,0.45,TAA
orf2749,+,0,4176327,306,0.516,TAA
orf2750,+,0,4176756,381,0.504,TGA
orf2751,+,1,4177546,351,0.45,TGA
orf2752,+,2,4179878,381,0.514,TAG
orf2753,+,1,4180309,624,0.522,TGA
orf2754,+,1,4181017,558,0.489,TGA
orf2755,+,0,4182675,540,0.491,TAA
orf2756,+,2,4185392,1056,0.523,TAA
orf2757,+,0,4188660,468,0.479,TAA
orf2758,+,1,4190275,1104,0.52,TAG
orf2759,+,2,4191869,1587,0.508,TAA
orf2760,+,0,4192014,315,0.521,TGA
orf2761,+,2,4197872,543,0.545,TGA
orf2762,+,1,4200151,462,0.584,TAA
orf2763,+,0,4201194,1914,0.555,TGA
orf2764,+,2,4203107,1023,0.542,TGA
orf2765,+,0,4204395,870,0.528,TAA
orf2766,+,1,4204498,306,0.552,TAG
orf2767,+,1,4206025,633,0.496,TAA
orf2768,+,0,4206708,2091,0.528,TAA
orf2769,+,2,4210733,471,0.516,TAA
orf2770,+,2,4211699,399,0.501,TGA
orf2771,+,2,4212473,1182,0.519,TAA
orf2772,+,2,4213916,2544,0.545,TGA
orf2773,+,1,4216456,327,0.56,TAA
orf2774,+,0,4216908,807,0.549,TAA
orf2775,+,0,4217901,1206,0.552,TAA
orf2776,+,0,4219773,1389,0.546,TAA
orf2777,+,2,4221161,1044,0.538,TAA
orf2778,+,1,4222255,828,0.55,TGA
orf2779,+,0,4223082,333,0.532,TAG
orf2780,+,0,4223967,732,0.514,TAA
orf2781,+,1,4225018,546,0.529,TAA
orf2782,+,0,4226583,648,0.519,TGA
orf2783,+,2,4227449,327,0.502,TAA
orf2784,+,0,4228461,672,0.579,TAG
orf2785,+,2,4229615,318,0.547,TGA
orf2786,+,2,4232183,408,0.556,TGA
orf2787,+,0,4234818,435,0.476,TGA
orf2788,+,1,4235041,2577,0.554,TGA
orf2789,+,1,4238662,2136,0.531,TAA
orf2790,+,2,4240817,714,0.514,TGA
orf2791,+,0,4241541,402,0.532,TAA
orf2792,+,0,4241961,885,0.528,TAA
orf2793,+,2,4245011,1623,0.533,TAA
orf2794,+,1,4248028,357,0.563,TGA
orf2795,+,0,4249005,477,0.497,TAA
orf2796,+,0,4249578,2322,0.569,TAA
orf2797,+,0,4252581,2322,0.548,TAA
orf2798,+,0,4255341,879,0.478,TAA
orf2799,+,0,4257006,732,0.542,TAG
orf2800,+,1,4257796,576,0.524,TAA
orf2801,+,1,4258732,1317,0.535,TGA
orf2802,+,0,4260537,309,0.528,TAA
orf2803,+,0,4261905,1263,0.519,TGA
orf2804,+,0,4263543,663,0.537,TGA
orf2805,+,2,4265192,2706,0.541,TGA
orf2806,+,1,4268233,486,0.465,TAA
orf2807,+,2,4269350,480,0.617,TAG
orf2808,+,2,4269938,528,0.504,TGA
orf2809,+,0,4271214,1599,0.548,TGA
orf2810,+,1,4272232,303,0.568,TAA
orf2811,+,2,4272815,309,0.557,TAA
orf2812,+,0,4274163,315,0.575,TGA
orf2813,+,2,4274960,1506,0.547,TAA
orf2814,+,2,4277732,324,0.46,TAA
orf2815,+,1,4279954,984,0.5,TGA
orf2816,+,2,4286648,534,0.579,TGA
orf2817,+,1,4287175,1272,0.535,TAG
orf2818,+,2,4290869,594,0.503,TAA
orf2819,+,0,4293717,345,0.487,TAA
orf2820,+,0,4294518,339,0.51,TAG
orf2821,+,0,4295520,357,0.577,TAA
orf2822,+,0,4296465,540,0.485,TGA
orf2823,+,0,4299525,354,0.542,TAG
orf2824,+,0,4300392,489,0.521,TAA
orf2825,+,0,4301091,912,0.327,TAA
orf2826,+,0,4302477,336,0.408,TAA
orf2827,+,1,4303300,381,0.509,TAA
orf2828,+,0,4304601,441,0.508,TAA
orf2829,+,0,4308153,411,0.564,TGA
orf2830,+,1,4308961,489,0.552,TAG
orf2831,+,1,4311280,492,0.573,TAA
orf2832,+,2,4313609,552,0.563,TAA
orf2833,+,2,4316468,384,0.562,TAA
orf2834,+,1,4318624,387,0.494,TAA
orf2835,+,1,4319488,303,0.538,TGA
orf2836,+,2,4320191,594,0.522,TGA
orf2837,+,1,4322182,696,0.533,TAA
orf2838,+,0,4323639,597,0.538,TAA
orf2839,+,1,4324102,393,0.476,TAA
orf2840,+,2,4324997,627,0.563,TGA
orf2841,+,0,4325697,2199,0.583,TAA
orf2842,+,2,4327817,444,0.543,TAA
orf2843,+,0,4328463,666,0.511,TAA
orf2844,+,0,4329159,600,0.512,TAA
orf2845,+,2,4331111,1050,0.514,TAA
orf2846,+,0,4332540,390,0.456,TAA
orf2847,+,2,4332998,1062,0.46,TAA
orf2848,+,0,4334100,723,0.539,TGA
orf2849,+,2,4334801,840,0.512,TAA
orf2850,+,0,4336140,582,0.555,TGA
orf2851,+,2,4336679,1401,0.557,TGA
orf2852,+,0,4338042,378,0.537,TAA
orf2853,+,2,4338410,1677,0.575,TAA
orf2854,+,2,4340153,360,0.542,TGA
orf2855,+,1,4340509,606,0.548,TAA
orf2856,+,2,4341083,2319,0.582,TGA
orf2857,+,1,4343398,585,0.574,TGA
orf2858,+,2,4343984,1170,0.603,TGA
orf2859,+,0,4344135,339,0.622,TAA
orf2860,+,1,4345198,417,0.585,TGA
orf2861,+,0,4345614,732,0.566,TGA
orf2862,+,2,4346342,1230,0.55,TGA
orf2863,+,0,4347477,684,0.547,TGA
orf2864,+,2,4348271,1575,0.536,TAA
orf2865,+,1,4349845,945,0.584,TGA
orf2866,+,0,4350987,633,0.603,TAA
orf2867,+,2,4351619,765,0.6,TGA
orf2868,+,1,4352380,807,0.564,TAA
orf2869,+,0,4353192,402,0.557,TAA
orf2870,+,0,4353792,747,0.418,TAA
orf2871,+,0,4354563,474,0.496,TGA
orf2872,+,0,4355391,1359,0.502,TGA
orf2873,+,1,4356742,1509,0.543,TAA
orf2874,+,0,4358541,861,0.495,TAA
orf2875,+,0,4360134,300,0.56,TGA
orf2876,+,1,4360279,552,0.556,TAG
orf2877,+,2,4361417,369,0.556,TAG
orf2878,+,2,4363952,384,0.586,TAG
orf2879,+,1,4364671,366,0.587,TAA
orf2880,+,2,4369223,1152,0.46,TAA
orf2881,+,1,4371691,312,0.481,TAA
orf2882,+,1,4372126,1500,0.537,TAA
orf2883,+,2,4374422,435,0.485,TAA
orf2884,+,0,4375173,1470,0.514,TAA
orf2885,+,1,4377691,912,0.553,TAA
orf2886,+,1,4379140,342,0.541,TAA
orf2887,+,2,4379696,843,0.547,TAA
orf2888,+,1,4380610,1353,0.538,TAA
orf2889,+,0,4382784,354,0.503,TGA
orf2890,+,2,4382843,354,0.5,TAA
orf2891,+,1,4383250,1290,0.54,TAA
orf2892,+,1,4384552,426,0.519,TAA
orf2893,+,0,4385604,1116,0.357,TAA
orf2894,+,2,4386908,732,0.429,TAA
orf2895,+,1,4387795,531,0.394,TGA
orf2896,+,1,4388584,339,0.499,TAA
orf2897,+,2,4392128,915,0.527,TAA
orf2898,+,0,4393062,1338,0.513,TAA
orf2899,+,1,4393549,444,0.552,TGA
orf2900,+,0,4394412,495,0.509,TGA
orf2901,+,2,4394906,624,0.575,TGA
orf2902,+,2,4395614,957,0.524,TGA
orf2903,+,1,4396567,771,0.484,TAA
orf2904,+,1,4399129,573,0.462,TAA
orf2905,+,1,4400467,561,0.335,TAG
orf2906,+,0,4401366,1158,0.541,TAA
orf2907,+,0,4402548,3114,0.529,TAA
orf2908,+,1,4408309,591,0.552,TGA
orf2909,+,1,4409215,354,0.52,TAA
orf2910,+,0,4411728,1650,0.541,TAA
orf2911,+,2,4414478,972,0.52,TGA
orf2912,+,2,4415498,1014,0.531,TAA
orf2913,+,2,4416923,1323,0.556,TAA
orf2914,+,0,4419093,537,0.531,TGA
orf2915,+,0,4421472,1014,0.552,TAA
orf2916,+,2,4426487,648,0.519,TAA
orf2917,+,1,4428010,306,0.592,TGA
orf2918,+,2,4428941,822,0.599,TAA
orf2919,+,0,4430445,363,0.54,TGA
orf2920,+,1,4434460,603,0.57,TAA
orf2921,+,1,4435666,1119,0.548,TAG
orf2922,+,1,4438603,1572,0.491,TGA
orf2923,+,2,4440359,1680,0.526,TAA
orf2924,+,1,4442551,378,0.466,TGA
orf2925,+,2,4442708,1272,0.454,TAA
orf2926,+,1,4444249,372,0.559,TAA
orf2927,+,0,4445046,324,0.59,TAA
orf2928,+,0,4445538,432,0.556,TAA
orf2929,+,1,4445917,456,0.588,TAA
orf2930,+,1,4446925,471,0.582,TAA
orf2931,+,1,4460500,729,0.487,TGA
orf2932,+,0,4461225,441,0.515,TAA
orf2933,+,1,4462498,1083,0.544,TAA
orf2934,+,0,4464120,660,0.577,TAA
orf2935,+,1,4464871,987,0.521,TAA
orf2936,+,0,4469157,630,0.551,TAG
orf2937,+,1,4469365,369,0.537,TAA
orf2938,+,1,4470028,405,0.588,TGA
orf2939,+,0,4470204,405,0.568,TAG
orf2940,+,1,4472056,996,0.469,TAA
orf2941,+,2,4475867,477,0.484,TAA
orf2942,+,1,4477300,993,0.435,TAA
orf2943,+,0,4478370,1542,0.471,TGA
orf2944,+,1,4479889,1182,0.541,TGA
orf2945,+,0,4480272,327,0.557,TGA
orf2946,+,0,4481148,1179,0.488,TAG
orf2947,+,0,4483578,2031,0.528,TGA
orf2948,+,0,4485786,1254,0.526,TAA
orf2949,+,1,4487215,345,0.539,TGA
orf2950,+,1,4488949,1401,0.545,TAA
orf2951,+,2,4490336,1995,0.545,TAG
orf2952,+,2,4493324,975,0.473,TAA
orf2953,+,0,4496286,303,0.551,TGA
orf2954,+,1,4496431,462,0.563,TGA
orf2955,+,2,4502042,474,0.568,TAA
orf2956,+,0,4504182,375,0.547,TAG
orf2957,+,2,4504883,4230,0.59,TAG
orf2958,+,1,4509124,462,0.318,TAA
orf2959,+,0,4513227,1914,0.535,TAA
orf2960,+,1,4515061,1323,0.526,TAA
orf2961,+,0,4516383,588,0.514,TAA
orf2962,+,1,4517476,363,0.504,TAA
orf2963,+,1,4519108,4767,0.504,TAA
orf2964,+,2,4524215,1683,0.551,TAA
orf2965,+,1,4525897,777,0.541,TGA
orf2966,+,0,4526670,1191,0.555,TAG
orf2967,+,2,4528046,474,0.546,TAG
orf2968,+,0,4528695,393,0.547,TAA
orf2969,+,1,4529599,447,0.579,TAA
orf2970,+,0,4530504,453,0.512,TGA
orf2971,+,0,4532091,1545,0.533,TAA
orf2972,+,0,4533645,1284,0.568,TAA
orf2973,+,0,4535067,825,0.526,TAA
orf2974,+,0,4537236,933,0.526,TAA
orf2975,+,1,4537321,576,0.538,TGA
orf2976,+,0,4538259,573,0.578,TGA
orf2977,+,0,4538859,501,0.515,TAA
orf2978,+,1,4540819,933,0.513,TAA
orf2979,+,1,4541761,1047,0.539,TGA
orf2980,+,1,4542811,993,0.501,TGA
orf2981,+,0,4543800,1209,0.352,TAA
orf2982,+,2,4548923,351,0.419,TAA
orf2983,+,0,4552398,1278,0.539,TGA
orf2984,+,1,4553515,648,0.523,TAG
orf2985,+,1,4554943,357,0.44,TAG
orf2986,+,0,4556589,1221,0.536,TAA
orf2987,+,1,4557787,459,0.547,TAA
orf2988,+,2,4558352,597,0.526,TAA
orf2989,+,2,4559726,327,0.572,TGA
orf2990,+,1,4560535,864,0.538,TAA
orf2991,+,2,4561607,837,0.474,TAG
orf2992,+,2,4562735,618,0.532,TAA
orf2993,+,0,4565289,624,0.489,TGA
orf2994,+,0,4566435,1935,0.54,TAA
orf2995,+,0,4568376,690,0.554,TAA
orf2996,+,1,4568821,315,0.559,TAG
orf2997,+,2,4569071,2082,0.568,TGA
orf2998,+,1,4572874,333,0.511,TGA
orf2999,+,0,4573491,1392,0.55,TAA
orf3000,+,0,4575003,1710,0.541,TAA
orf3001,+,1,4576660,348,0.537,TAG
orf3002,+,1,4581058,1182,0.476,TGA
orf3003,+,0,4582374,315,0.511,TAG
orf3004,+,2,4582877,678,0.518,TGA
orf3005,+,0,4583805,375,0.544,TGA
orf3006,+,2,4584176,492,0.514,TAA
orf3007,+,0,4584324,348,0.529,TAG
orf3008,+,1,4584961,342,0.556,TAG
orf3009,+,0,4586079,381,0.52,TGA
orf3010,+,2,4586456,348,0.586,TAA
orf3011,+,0,4586853,1539,0.585,TAA
orf3012,+,1,4591228,345,0.493,TGA
orf3013,+,2,4594973,1221,0.392,TAA
orf3014,+,0,4602906,384,0.333,TGA
orf3015,+,1,4609579,300,0.483,TAA
orf3016,+,0,4609911,429,0.413,TAA
orf3017,+,2,4610342,573,0.368,TAA
orf3018,+,1,4610920,456,0.362,TAA
orf3019,+,0,4611375,1539,0.374,TAA
orf3020,+,1,4612927,456,0.357,TAA
orf3021,+,0,4614801,459,0.285,TAA
orf3022,+,0,4615971,339,0.322,TAA
orf3023,+,0,4621419,1197,0.409,TAA
orf3024,+,1,4622743,819,0.365,TAA
orf3025,+,0,4624581,924,0.491,TGA
orf3026,+,2,4626479,363,0.438,TAA
orf3027,+,1,4627918,300,0.48,TGA
orf3028,+,0,4628643,324,0.451,TAA
orf3029,+,2,4630499,354,0.537,TGA
orf3030,+,1,4631095,1767,0.546,TAA
orf3031,+,1,4635820,474,0.595,TGA
orf3032,+,0,4641414,744,0.548,TAA
orf3033,+,1,4643257,483,0.507,TGA
orf3034,+,0,4644396,1185,0.564,TAA
orf3035,+,1,4646890,450,0.487,TAA
orf3036,+,1,4647352,342,0.515,TGA
orf3037,+,1,4649215,315,0.524,TAA
orf3038,+,2,4650758,894,0.432,TAA
orf3039,+,1,4653349,489,0.519,TGA
orf3040,+,1,4654882,717,0.52,TAA
orf3041,+,2,4658636,408,0.505,TGA
orf3042,+,1,4660342,1083,0.507,TAG
orf3043,+,0,4661349,978,0.444,TAA
orf3044,+,2,4663751,864,0.535,TAA
orf3045,+,2,4668110,342,0.585,TAA
orf3046,+,0,4668645,333,0.568,TAG
orf3047,+,1,4668835,318,0.557,TAG
orf3048,+,2,4671308,1647,0.537,TGA
orf3049,+,2,4673060,1365,0.565,TAA
orf3050,+,0,4677423,1431,0.505,TAA
orf3051,+,0,4678944,1248,0.467,TAA
orf3052,+,2,4680323,1176,0.524,TGA
orf3053,+,0,4680423,327,0.538,TAG
orf3054,+,0,4681473,960,0.521,TAA
orf3055,+,0,4682577,762,0.52,TGA
orf3056,+,0,4683360,567,0.529,TAA
orf3057,+,2,4685483,666,0.511,TAA
orf3058,+,0,4686216,306,0.35,TAA
orf3059,+,0,4688994,672,0.307,TAA
orf3060,+,0,4689756,426,0.289,TAG
orf3061,+,0,4693416,894,0.507,TAA
orf3062,+,1,4693999,300,0.53,TGA
orf3063,+,1,4694533,375,0.541,TGA
orf3064,+,2,4694630,498,0.508,TAG
orf3065,+,2,4695842,327,0.578,TAG
orf3066,+,2,4700903,510,0.531,TAA
orf3067,+,0,4703388,303,0.393,TAA
orf3068,+,1,4707556,345,0.53,TAA
orf3069,+,1,4707997,351,0.536,TAA
orf3070,+,1,4713889,336,0.545,TGA
orf3071,+,2,4716794,312,0.497,TAA
orf3072,+,2,4718198,630,0.556,TAG
orf3073,+,2,4720598,993,0.56,TAA
orf3074,+,0,4723095,309,0.495,TGA
orf3075,+,2,4724759,1869,0.513,TAA
orf3076,+,0,4726782,432,0.468,TGA
orf3077,+,1,4727221,1506,0.514,TAA
orf3078,+,2,4728731,966,0.533,TAA
orf3079,+,2,4729721,891,0.529,TAG
orf3080,+,1,4730722,945,0.524,TGA
orf3081,+,1,4731679,984,0.505,TAG
orf3082,+,2,4741529,339,0.487,TAA
orf3083,+,0,4742001,315,0.524,TAA
orf3084,+,1,4744003,1647,0.542,TGA
orf3085,+,1,4745929,930,0.548,TAA
orf3086,+,2,4746923,1851,0.562,TAA
orf3087,+,1,4748776,1545,0.592,TAG
orf3088,+,2,4750253,357,0.552,TAA
orf3089,+,0,4751280,1611,0.523,TAA
orf3090,+,0,4754031,2073,0.534,TAA
orf3091,+,1,4756549,300,0.523,TAA
orf3092,+,1,4758073,531,0.507,TAA
orf3093,+,2,4759112,384,0.5,TAA
orf3094,+,1,4759750,1332,0.499,TAA
orf3095,+,0,4761651,774,0.512,TAA
orf3096,+,2,4762436,1047,0.53,TAG
orf3097,+,0,4763583,1086,0.522,TGA
orf3098,+,2,4764665,1263,0.54,TGA
orf3099,+,1,4765927,1068,0.535,TAA
orf3100,+,1,4767013,882,0.548,TGA
orf3101,+,0,4768551,1131,0.547,TGA
orf3102,+,1,4769683,1251,0.533,TGA
orf3103,+,0,4770930,1080,0.53,TGA
orf3104,+,2,4772006,1353,0.524,TAA
orf3105,+,1,4773361,741,0.534,TGA
orf3106,+,2,4774292,1386,0.536,TAA
orf3107,+,0,4776588,1236,0.515,TAA
orf3108,+,2,4778390,534,0.521,TAA
orf3109,+,2,4784888,2469,0.522,TGA
orf3110,+,0,4786890,357,0.485,TGA
orf3111,+,2,4787507,486,0.496,TAA
orf3112,+,2,4788416,828,0.546,TGA
orf3113,+,1,4789240,708,0.558,TGA
orf3114,+,0,4789944,897,0.541,TAA
orf3115,+,2,4790840,717,0.559,TAA
orf3116,+,1,4791640,2163,0.579,TAA
orf3117,+,1,4795966,951,0.524,TAA
orf3118,+,2,4796039,303,0.535,TAG
orf3119,+,1,4799254,300,0.337,TAA
orf3120,+,1,4801171,870,0.514,TGA
orf3121,+,1,4802311,1692,0.552,TAG
orf3122,+,2,4802972,360,0.561,TGA
orf3123,+,1,4804066,621,0.522,TAA
orf3124,+,1,4805479,1023,0.536,TAA
orf3125,+,2,4806392,918,0.507,TAA
orf3126,+,2,4807565,720,0.546,TAA
orf3127,+,1,4809361,2262,0.557,TAA
orf3128,+,2,4810583,330,0.542,TGA
orf3129,+,2,4811060,426,0.538,TGA
orf3130,+,1,4812061,309,0.547,TGA
orf3131,+,1,4812739,762,0.539,TAA
orf3132,+,0,4813656,1413,0.532,TAG
orf3133,+,1,4815163,756,0.521,TGA
orf3134,+,2,4815932,606,0.564,TGA
orf3135,+,1,4816534,1641,0.499,TGA
orf3136,+,1,4818211,312,0.449,TAA
orf3137,+,0,4819044,777,0.517,TAA
orf3138,+,2,4819850,795,0.542,TAG
orf3139,+,2,4821296,1494,0.517,TGA
orf3140,+,2,4822835,702,0.528,TGA
orf3141,+,1,4824793,1014,0.564,TGA
orf3142,+,2,4825454,480,0.544,TAG
orf3143,+,1,4827280,1332,0.532,TGA
orf3144,+,0,4828611,615,0.558,TAA
orf3145,+,2,4829264,1452,0.53,TGA
orf3146,+,1,4830964,309,0.54,TAA
orf3147,+,2,4838366,987,0.482,TAA
orf3148,+,0,4839369,627,0.478,TAA
orf3149,+,1,4840150,1431,0.416,TAA
orf3150,+,2,4842917,2787,0.52,TAA
orf3151,+,1,4847299,507,0.527,TAA
orf3152,+,0,4847994,1374,0.532,TAA
orf3153,+,0,4850643,390,0.549,TGA
orf3154,+,1,4852456,951,0.538,TGA
orf3155,+,2,4852502,330,0.555,TAA
orf3156,+,1,4854331,1698,0.535,TAA
orf3157,+,1,4856245,711,0.489,TAG
orf3158,+,2,4856963,981,0.435,TAA
orf3159,+,1,4858045,1266,0.455,TAA
orf3160,+,1,4863295,309,0.589,TAG
orf3161,+,1,4863796,564,0.55,TAA
orf3162,+,1,4868689,324,0.515,TAA
orf3163,+,2,4869383,360,0.567,TAA
orf3164,+,0,4869624,531,0.539,TGA
orf3165,+,1,4870303,903,0.56,TAA
orf3166,+,1,4871218,807,0.523,TAG
orf3167,+,0,4872123,600,0.5,TAA
orf3168,+,2,4872716,873,0.506,TGA
orf3169,+,1,4873585,438,0.548,TGA
orf3170,+,0,4874019,990,0.552,TAG
orf3171,+,2,4875320,993,0.366,TAG
orf3172,+,2,4876499,735,0.424,TGA
orf3173,+,0,4880265,306,0.549,TAG
orf3174,+,2,4880546,636,0.568,TAA
orf3175,+,2,4881395,1179,0.562,TGA
orf3176,+,0,4882425,381,0.543,TAG
orf3177,+,2,4884227,489,0.489,TGA
orf3178,+,0,4884813,672,0.549,TAA
orf3179,+,2,4885637,1056,0.454,TAA
orf3180,+,0,4888839,378,0.519,TGA
orf3181,+,2,4889213,336,0.518,TAA
orf3182,+,1,4891924,1395,0.452,TGA
orf3183,+,2,4893266,531,0.516,TAA
orf3184,+,0,4893651,405,0.551,TAG
orf3185,+,2,4894976,549,0.576,TAG
orf3186,+,0,4897695,837,0.513,TAA
orf3187,+,1,4898515,939,0.496,TAA
orf3188,+,0,4899888,426,0.516,TAG
orf3189,+,2,4900763,627,0.536,TAA
orf3190,+,0,4901643,990,0.523,TAA
orf3191,+,1,4902751,705,0.522,TAA
orf3192,+,1,4903642,411,0.538,TGA
orf3193,+,2,4905776,504,0.498,TAG
orf3194,+,0,4906428,903,0.519,TAA
orf3195,+,0,4907451,1023,0.532,TAA
orf3196,+,0,4908792,990,0.506,TGA
orf3197,+,1,4909699,945,0.484,TAA
orf3198,+,1,4912273,441,0.488,TAA
orf3199,+,2,4912925,300,0.473,TGA
orf3200,+,1,4913251,429,0.431,TAA
orf3201,+,0,4914855,396,0.576,TGA
orf3202,+,0,4915560,858,0.573,TAG
orf3203,+,0,4916931,351,0.501,TAA
orf3204,+,0,4920393,507,0.513,TAA
orf3205,+,0,4922070,339,0.537,TGA
orf3206,+,1,4926049,441,0.528,TAG
orf3207,+,0,4926351,678,0.596,TAA
orf3208,+,1,4927294,483,0.538,TAA
orf3209,+,2,4928876,4185,0.585,TAA
orf3210,+,1,4935409,1305,0.533,TAA
orf3211,+,0,4936716,2433,0.586,TAA
orf3212,+,0,4939497,891,0.524,TAA
orf3213,+,1,4940716,2181,0.559,TAA
orf3214,+,1,4942990,906,0.543,TGA
orf3215,+,2,4945088,369,0.593,TAG
orf3216,+,1,4946971,339,0.593,TAA
orf3217,+,1,4948594,609,0.54,TAA
orf3218,+,2,4949411,741,0.544,TAA
orf3219,+,2,4950173,318,0.519,TAA
orf3220,+,1,4950505,321,0.502,TAA
orf3221,+,0,4950876,2298,0.53,TAA
orf3222,+,1,4953070,948,0.556,TAA
orf3223,+,2,4954019,342,0.558,TAG
orf3224,+,1,4955908,504,0.51,TGA
orf3225,+,0,4960551,312,0.532,TAG
orf3226,+,0,4961637,1005,0.534,TAA
orf3227,+,1,4962616,810,0.544,TAA
orf3228,+,1,4963486,1374,0.565,TAA
orf3229,+,0,4965096,948,0.557,TAA
orf3230,+,1,4965712,318,0.585,TAA
orf3231,+,0,4966161,309,0.544,TGA
orf3232,+,2,4967756,1167,0.535,TAA
orf3233,+,2,4968965,1317,0.515,TAA
orf3234,+,0,4970331,705,0.523,TAA
orf3235,+,2,4971035,360,0.497,TAA
orf3236,+,2,4972082,411,0.53,TAA
orf3237,+,1,4972861,1887,0.497,TGA
orf3238,+,2,4974680,870,0.514,TGA
orf3239,+,2,4981073,1029,0.466,TGA
orf3240,+,1,4982098,966,0.494,TAA
orf3241,+,1,4984960,1185,0.533,TAA
orf3242,+,2,4986374,384,0.547,TGA
orf3243,+,0,4986759,546,0.516,TAA
orf3244,+,2,4987463,429,0.52,TAA
orf3245,+,2,4987895,705,0.518,TAA
orf3246,+,2,4988891,498,0.524,TAA
orf3247,+,2,4989455,366,0.462,TAA
orf3248,+,0,4990107,4062,0.526,TAA
orf3249,+,1,4994329,4140,0.541,TAA
orf3250,+,0,4998681,444,0.428,TAA
orf3251,+,1,4999900,411,0.543,TGA
orf3252,+,1,5002573,345,0.594,TAG
orf3253,+,0,5003682,702,0.55,TAA
orf3254,+,2,5005727,774,0.532,TGA
orf3255,+,0,5005950,303,0.561,TGA
orf3256,+,2,5006540,1065,0.562,TAA
orf3257,+,2,5007614,672,0.585,TAA
orf3258,+,2,5008328,591,0.481,TAA
orf3259,+,2,5009450,636,0.536,TGA
orf3260,+,0,5010750,1377,0.546,TGA
orf3261,+,2,5012123,1326,0.563,TAG
orf3262,+,1,5014003,534,0.592,TAG
orf3263,+,2,5014385,390,0.587,TGA
orf3264,+,0,5014749,693,0.57,TGA
orf3265,+,1,5022679,930,0.501,TAA
orf3266,+,2,5023859,1620,0.515,TAA
orf3267,+,1,5025493,1320,0.557,TAA
orf3268,+,2,5026250,384,0.544,TGA
orf3269,+,0,5026983,324,0.534,TAA
orf3270,+,1,5026996,1737,0.528,TGA
orf3271,+,1,5032294,3618,0.561,TGA
orf3272,+,1,5036206,1557,0.554,TAA
orf3273,+,2,5039672,444,0.552,TAA
orf3274,+,0,5040354,501,0.581,TGA
orf3275,+,2,5042063,2091,0.541,TGA
orf3276,+,0,5044224,933,0.557,TGA
orf3277,+,0,5046177,321,0.433,TAA
orf3278,+,2,5046509,531,0.518,TAA
orf3279,+,0,5047137,543,0.475,TAA
orf3280,+,0,5047683,534,0.526,TAA
orf3281,+,2,5048216,516,0.496,TGA
orf3282,+,2,5048735,552,0.458,TGA
orf3283,+,0,5049465,375,0.403,TAG
orf3284,+,1,5050312,510,0.575,TAA
orf3285,+,1,5050891,426,0.552,TGA
orf3286,+,2,5050961,456,0.55,TAA
orf3287,+,0,5051388,501,0.561,TGA
orf3288,+,1,5051851,501,0.589,TGA
orf3289,+,2,5052107,447,0.586,TAA
orf3290,+,0,5052771,309,0.55,TGA
orf3291,+,1,5053369,582,0.588,TGA
orf3292,+,0,5053950,1665,0.562,TAG
orf3293,+,1,5054044,330,0.539,TGA
orf3294,+,1,5054470,402,0.557,TGA
orf3295,+,2,5055665,1539,0.587,TGA
orf3296,+,0,5057187,1326,0.557,TAA
orf3297,+,1,5058631,474,0.568,TAA
orf3298,+,0,5059281,1125,0.577,TAA
orf3299,+,2,5060405,948,0.56,TAA
orf3300,+,0,5061396,387,0.587,TGA
orf3301,+,2,5061779,420,0.581,TGA
orf3302,+,1,5062195,561,0.574,TAA
orf3303,+,0,5062998,1503,0.56,TGA
orf3304,+,2,5064509,366,0.56,TGA
orf3305,+,1,5064889,477,0.583,TGA
orf3306,+,1,5065492,2076,0.591,TGA
orf3307,+,2,5067533,1371,0.565,TGA
orf3308,+,0,5068998,1014,0.598,TGA
orf3309,+,1,5070001,615,0.563,TGA
orf3310,+,2,5070395,651,0.558,TGA
orf3311,+,1,5071042,1086,0.569,TAA
orf3312,+,0,5072118,561,0.504,TAA
orf3313,+,2,5072624,966,0.498,TAA
orf3314,+,0,5074650,561,0.499,TAA
orf3315,+,0,5075310,2040,0.511,TAA
orf3316,+,1,5078953,516,0.469,TGA
orf3317,+,1,5079562,339,0.513,TGA
orf3318,+,0,5081964,330,0.494,TAA
orf3319,+,2,5083745,873,0.521,TAA
orf3320,+,0,5085243,330,0.536,TGA
orf3321,+,0,5086272,546,0.533,TGA
orf3322,+,1,5087017,1650,0.515,TAA
orf3323,+,2,5089673,501,0.561,TGA
orf3324,+,1,5090170,738,0.58,TAA
orf3325,+,0,5090907,2097,0.543,TAA
orf3326,+,0,5093598,411,0.494,TAA
orf3327,+,0,5099991,1182,0.547,TAA
orf3328,+,2,5101244,1341,0.52,TAA
orf3329,+,2,5102735,921,0.537,TAA
orf3330,+,2,5103884,1581,0.32,TAA
orf3331,+,2,5105576,609,0.502,TAA
orf3332,+,2,5106197,873,0.517,TGA
orf3333,+,0,5108754,387,0.566,TGA
orf3334,+,2,5109818,369,0.523,TAA
orf3335,+,0,5110296,609,0.522,TAA
orf3336,+,0,5110923,1380,0.552,TGA
orf3337,+,0,5113503,897,0.346,TAA
orf3338,+,2,5114822,1038,0.534,TAA
orf3339,+,0,5115789,447,0.481,TAA
orf3340,+,1,5117467,1416,0.534,TAA
orf3341,+,2,5118935,1080,0.556,TAA
orf3342,+,2,5120315,1146,0.53,TAA
orf3343,+,2,5122559,714,0.494,TGA
orf3344,+,1,5123383,417,0.518,TAA
orf3345,+,1,5123803,357,0.51,TGA
orf3346,+,0,5125017,336,0.548,TGA
orf3347,+,2,5125316,513,0.565,TAA
orf3348,+,2,5125901,867,0.552,TGA
orf3349,+,1,5127271,537,0.581,TGA
orf3350,+,2,5128616,1587,0.447,TAA
orf3351,+,2,5130614,465,0.523,TAA
orf3352,+,1,5131624,1350,0.562,TAA
orf3353,+,1,5133124,1650,0.56,TAA
orf3354,+,2,5137208,300,0.543,TGA
orf3355,+,0,5138319,504,0.55,TGA
orf3356,+,2,5138489,318,0.579,TGA
orf3357,+,2,5138903,1002,0.579,TAG
orf3358,+,2,5140043,504,0.524,TAA
orf3359,+,1,5140912,1437,0.527,TAA
orf3360,+,0,5142393,567,0.545,TGA
orf3361,+,2,5142956,672,0.576,TGA
orf3362,+,1,5143624,957,0.573,TAA
orf3363,+,2,5144711,1608,0.563,TAA
orf3364,+,0,5146311,384,0.523,TGA
orf3365,+,2,5146691,597,0.521,TAA
orf3366,+,1,5147629,1314,0.533,TAA
orf3367,+,1,5150875,672,0.554,TAA
orf3368,+,2,5156096,573,0.576,TAA
orf3369,+,2,5157956,618,0.54,TAA
orf3370,+,2,5158781,351,0.516,TAA
orf3371,+,1,5159554,726,0.551,TAA
orf3372,+,2,5163287,324,0.556,TGA
orf3373,+,1,5164237,702,0.56,TAG
orf3374,+,2,5164526,327,0.529,TGA
orf3375,+,1,5165182,372,0.565,TGA
orf3376,+,2,5166452,2271,0.575,TGA
orf3377,+,1,5168791,330,0.552,TGA
orf3378,+,1,5170975,1275,0.618,TAG
orf3379,+,2,5171720,504,0.609,TAG
orf3380,+,0,5172129,480,0.617,TGA
orf3381,+,1,5172271,309,0.618,TAG
orf3382,+,1,5172715,300,0.567,TGA
orf3383,+,2,5173130,342,0.64,TGA
orf3384,+,1,5173963,426,0.599,TAA
orf3385,+,2,5174570,387,0.615,TGA
orf3386,+,0,5176230,615,0.637,TAA
orf3387,+,1,5176456,378,0.63,TAG
orf3388,+,0,5176884,441,0.596,TGA
orf3389,+,2,5178650,390,0.559,TAA
orf3390,+,2,5179211,402,0.612,TAA
orf3391,+,1,5181583,2229,0.513,TGA
orf3392,+,0,5183940,747,0.566,TAA
orf3393,+,2,5184950,1503,0.501,TAA
orf3394,+,2,5194205,618,0.547,TGA
orf3395,+,0,5195964,306,0.507,TGA
orf3396,+,2,5196359,1356,0.529,TAA
orf3397,+,2,5197817,1422,0.461,TGA
orf3398,+,1,5199448,351,0.584,TGA
orf3399,+,1,5201092,414,0.553,TAA
orf3400,+,1,5211361,336,0.515,TGA
orf3401,+,0,5211504,546,0.507,TGA
orf3402,+,0,5212167,354,0.506,TGA
orf3403,+,1,5218528,306,0.575,TAA
orf3404,+,0,5220000,786,0.523,TGA
orf3405,+,0,5222367,408,0.458,TGA
orf3406,+,0,5223243,348,0.509,TAA
orf3407,+,0,5225475,1647,0.534,TAA
orf3408,+,2,5227247,366,0.555,TGA
orf3409,+,2,5229377,390,0.546,TGA
orf3410,+,1,5229979,567,0.501,TAA
orf3411,+,1,5231155,318,0.535,TAA
orf3412,+,1,5234050,468,0.549,TAA
orf3413,+,2,5235620,327,0.541,TAG
orf3414,+,2,5236097,393,0.552,TGA
orf3415,+,1,5236288,408,0.529,TAG
orf3416,+,2,5236922,978,0.521,TAA
orf3417,+,1,5238103,1518,0.472,TGA
orf3418,+,1,5241088,420,0.579,TGA
orf3419,+,1,5243578,462,0.543,TAG
orf3420,+,1,5244931,312,0.558,TGA
orf3421,+,2,5245259,615,0.52,TAA
orf3422,+,1,5247790,1548,0.573,TGA
orf3423,+,2,5249309,462,0.517,TAA
orf3424,+,2,5249789,1338,0.55,TAA
orf3425,+,2,5251136,1848,0.564,TGA
orf3426,+,0,5252976,951,0.534,TGA
orf3427,+,1,5254012,309,0.489,TAA
orf3428,+,2,5254466,1212,0.543,TAA
orf3429,+,0,5254749,408,0.566,TAG
orf3430,+,0,5255763,1260,0.559,TAA
orf3431,+,2,5257025,1005,0.533,TAA
orf3432,+,0,5258412,1299,0.539,TAA
orf3433,+,0,5259963,378,0.492,TGA
orf3434,+,2,5260379,2442,0.55,TGA
orf3435,+,2,5263001,732,0.561,TAG
orf3436,+,2,5263859,402,0.383,TAA
orf3437,+,2,5264279,699,0.508,TAA
orf3438,+,1,5265028,660,0.47,TAA
orf3439,+,0,5265705,399,0.434,TAA
orf3440,+,0,5266113,639,0.493,TAA
orf3441,+,2,5266754,1164,0.53,TAA
orf3442,+,1,5267986,1641,0.548,TAA
orf3443,+,2,5270678,750,0.529,TAA
orf3444,+,0,5272632,498,0.528,TAA
orf3445,+,0,5273706,1398,0.53,TAA
orf3446,+,0,5275119,306,0.51,TAA
orf3447,+,0,5275434,465,0.535,TAA
orf3448,+,1,5275714,849,0.557,TAA
orf3449,+,1,5276572,855,0.575,TAA
orf3450,+,0,5277426,687,0.559,TAG
orf3451,+,1,5278843,396,0.528,TAA
orf3452,+,1,5279245,315,0.517,TAG
orf3453,+,1,5279833,450,0.496,TAA
orf3454,+,0,5281578,339,0.472,TAA
orf3455,+,1,5282269,1149,0.517,TGA
orf3456,+,1,5284249,780,0.527,TAA
orf3457,+,0,5285337,1413,0.521,TAA
orf3458,+,2,5286767,669,0.529,TAA
orf3459,+,1,5289496,471,0.524,TAA
orf3460,+,1,5292217,741,0.557,TAA
orf3461,+,2,5293169,939,0.364,TAA
orf3462,+,1,5294158,303,0.528,TAA
orf3463,+,2,5298731,864,0.545,TGA
orf3464,+,1,5299591,3780,0.548,TAG
orf3465,+,0,5303373,342,0.515,TAA
orf3466,+,0,5304171,351,0.536,TAA
orf3467,+,1,5304472,654,0.508,TAA
orf3468,+,1,5305441,957,0.505,TGA
orf3469,+,2,5306537,1503,0.556,TAA
orf3470,+,0,5308023,1053,0.576,TAA
orf3471,+,2,5308553,339,0.575,TAA
orf3472,+,1,5309086,972,0.522,TAA
orf3473,+,1,5311264,1374,0.553,TAA
orf3474,+,0,5313438,1353,0.545,TAA
orf3475,+,0,5314974,387,0.491,TAA
orf3476,+,2,5315636,417,0.523,TAG
orf3477,+,0,5315925,342,0.553,TAG
orf3478,+,2,5316194,1506,0.533,TGA
orf3479,+,2,5319131,381,0.509,TAA
orf3480,+,1,5323162,2697,0.527,TAA
orf3481,+,2,5326544,492,0.492,TAA
orf3482,+,2,5329661,594,0.498,TGA
orf3483,+,2,5330399,453,0.494,TGA
orf3484,+,1,5330974,1773,0.316,TAA
orf3485,+,0,5333364,369,0.531,TAA
orf3486,+,2,5333969,417,0.499,TAA
orf3487,+,2,5335100,1224,0.371,TAA
orf3488,+,0,5336463,411,0.579,TGA
orf3489,+,0,5336904,357,0.566,TGA
orf3490,+,2,5336981,795,0.558,TAG
orf3491,+,2,5341982,927,0.553,TGA
orf3492,+,1,5342908,1083,0.541,TAA
orf3493,+,0,5345235,348,0.549,TGA
orf3494,+,2,5345834,807,0.561,TGA
orf3495,+,0,5346099,387,0.543,TGA
orf3496,+,0,5347173,1950,0.464,TGA
orf3497,+,1,5349322,327,0.541,TGA
orf3498,+,0,5349645,891,0.54,TGA
orf3499,+,1,5353207,576,0.521,TGA
orf3500,+,1,5356339,465,0.505,TAG
orf3501,+,2,5357453,894,0.483,TAA
orf3502,+,0,5363928,3315,0.395,TGA
orf3503,+,2,5367233,6324,0.488,TAA
orf3504,+,0,5373780,2859,0.502,TAA
orf3505,+,2,5376641,4935,0.52,TGA
orf3506,+,1,5381575,6342,0.529,TGA
orf3507,+,2,5384459,330,0.545,TAA
orf3508,+,0,5387913,2115,0.5,TGA
orf3509,+,1,5388919,525,0.503,TGA
orf3510,+,1,5395864,603,0.431,TAG
orf3511,+,1,5396986,555,0.468,TGA
orf3512,+,0,5398005,549,0.517,TAA
orf3513,+,1,5398486,672,0.504,TAA
orf3514,+,1,5399263,657,0.449,TAA
orf3515,+,1,5399986,2637,0.484,TAA
orf3516,+,1,5402632,531,0.493,TAA
orf3517,+,1,5403169,510,0.525,TGA
orf3518,+,2,5403698,903,0.499,TAA
orf3519,+,2,5406197,309,0.466,TAG
orf3520,+,1,5406457,1185,0.543,TAA
orf3521,+,0,5407722,1461,0.577,TAA
orf3522,+,1,5409397,774,0.537,TGA
orf3523,+,2,5409611,411,0.547,TAA
orf3524,+,0,5411814,393,0.483,TAA
orf3525,+,2,5414138,360,0.5,TAA
orf3526,+,2,5414663,315,0.54,TAG
orf3527,+,2,5415134,408,0.502,TGA
orf3528,+,1,5415706,390,0.485,TAA
orf3529,+,2,5422460,405,0.543,TGA
orf3530,+,1,5427931,318,0.553,TAA
orf3531,+,1,5428600,357,0.518,TAG
orf3532,+,2,5429585,729,0.542,TAA
orf3533,+,0,5430153,348,0.56,TAA
orf3534,+,1,5430964,306,0.52,TAA
orf3535,+,1,5432101,783,0.485,TAA
orf3536,+,1,5433622,480,0.533,TGA
orf3537,+,0,5435151,882,0.437,TAG
orf3538,+,2,5436080,1164,0.438,TAA
orf3539,+,0,5439720,312,0.478,TAA
orf3540,+,0,5444574,930,0.342,TGA
orf3541,+,2,5445647,534,0.566,TAA
orf3542,+,1,5447518,828,0.577,TGA
orf3543,+,2,5450006,1665,0.541,TAA
orf3544,+,0,5452449,366,0.546,TAA
orf3545,+,0,5454333,1038,0.518,TGA
orf3546,+,2,5455541,390,0.544,TAG
orf3547,+,1,5455651,555,0.524,TGA
orf3548,+,0,5456007,312,0.542,TGA
orf3549,+,1,5456968,417,0.532,TGA
orf3550,+,0,5458260,339,0.513,TAA
orf3551,+,2,5458526,435,0.48,TAG
orf3552,+,0,5458782,333,0.498,TAG
orf3553,+,0,5461836,726,0.448,TAG
orf3554,+,2,5462519,678,0.454,TAA
orf3555,+,1,5464870,303,0.574,TAA
orf3556,+,2,5464949,372,0.551,TAG
orf3557,+,1,5465848,414,0.577,TGA
orf3558,+,2,5466230,447,0.521,TAA
orf3559,+,1,5466691,678,0.535,TGA
orf3560,+,1,5467432,1617,0.537,TAA
orf3561,+,0,5469441,606,0.507,TAA
orf3562,+,2,5470586,348,0.514,TGA
orf3563,+,1,5470594,936,0.536,TGA
orf3564,+,2,5471003,369,0.526,TAA
orf3565,+,0,5471730,579,0.56,TAG
orf3566,+,2,5472347,345,0.597,TGA
orf3567,+,0,5472837,531,0.556,TAA
orf3568,+,2,5475164,780,0.547,TAA
orf3569,+,1,5476198,1194,0.565,TAA
orf3570,+,1,5477443,1224,0.544,TGA
orf3571,+,0,5478666,777,0.52,TAA
orf3572,+,2,5481554,1107,0.55,TAA
orf3573,+,2,5483075,1017,0.57,TAA
orf3574,+,1,5484091,1254,0.509,TAA
orf3575,+,2,5484221,414,0.512,TGA
orf3576,+,2,5487503,1965,0.545,TGA
orf3577,+,1,5489557,327,0.541,TGA
orf3578,+,0,5489937,414,0.539,TAA
orf3579,+,0,5490594,648,0.562,TAA
orf3580,+,2,5492318,474,0.487,TAA
orf3581,+,2,5492804,690,0.552,TAA
orf3582,+,1,5493493,1425,0.544,TAG
orf3583,+,1,5494975,1353,0.496,TAA
orf3584,+,0,5496471,441,0.531,TAA
orf3585,+,2,5497739,687,0.498,TAA
orf3586,-,1,247,504,0.532,TAA
orf3587,-,2,3528,651,0.558,TAA
orf3588,-,0,3827,309,0.54,TGA
orf3589,-,1,5326,429,0.524,TAA
orf3590,-,0,5699,777,0.489,TAA
orf3591,-,0,6545,1431,0.53,TAA
orf3592,-,0,9944,567,0.527,TAA
orf3593,-,2,10659,714,0.51,TGA
orf3594,-,1,11398,405,0.489,TAA
orf3595,-,0,12137,1860,0.514,TGA
orf3596,-,1,18325,426,0.394,TAA
orf3597,-,1,18958,327,0.37,TAA
orf3598,-,1,19297,2451,0.41,TAA
orf3599,-,1,21760,660,0.367,TAA
orf3600,-,0,22493,534,0.391,TAA
orf3601,-,2,23328,1422,0.323,TAA
orf3602,-,0,26816,1443,0.565,TGA
orf3603,-,1,30421,312,0.529,TGA
orf3604,-,0,30572,387,0.548,TGA
orf3605,-,1,32812,342,0.547,TGA
orf3606,-,0,32876,357,0.499,TAA
orf3607,-,1,34453,456,0.561,TAA
orf3608,-,2,35079,561,0.549,TGA
orf3609,-,0,36317,315,0.568,TGA
orf3610,-,2,36450,1002,0.56,TAA
orf3611,-,0,37850,342,0.591,TAG
orf3612,-,2,39186,402,0.542,TGA
orf3613,-,0,39782,894,0.525,TAA
orf3614,-,0,40676,1569,0.506,TAA
orf3615,-,2,42303,1218,0.525,TAA
orf3616,-,0,43649,1143,0.538,TAA
orf3617,-,0,44822,1515,0.519,TAA
orf3618,-,2,49725,474,0.559,TAG
orf3619,-,0,51653,360,0.531,TAG
orf3620,-,0,52955,438,0.541,TGA
orf3621,-,1,55348,849,0.559,TAA
orf3622,-,1,56203,378,0.519,TAA
orf3623,-,2,56583,822,0.532,TAA
orf3624,-,0,57401,990,0.562,TGA
orf3625,-,1,58390,1287,0.538,TAA
orf3626,-,0,59729,2355,0.513,TGA
orf3627,-,1,64618,660,0.541,TAA
orf3628,-,2,65289,2907,0.55,TAA
orf3629,-,1,68359,2085,0.55,TGA
orf3630,-,2,70785,696,0.549,TAA
orf3631,-,1,71680,1503,0.556,TAA
orf3632,-,0,73193,1701,0.58,TAA
orf3633,-,2,76725,321,0.545,TAA
orf3634,-,1,77047,699,0.569,TAA
orf3635,-,0,77729,1611,0.59,TGA
orf3636,-,1,78637,360,0.586,TGA
orf3637,-,1,79315,780,0.531,TAA
orf3638,-,2,81468,1659,0.552,TAG
orf3639,-,2,83454,606,0.523,TAG
orf3640,-,1,84070,1401,0.557,TAA
orf3641,-,2,85473,1092,0.549,TAA
orf3642,-,1,86413,348,0.546,TGA
orf3643,-,0,86564,1572,0.531,TGA
orf3644,-,2,90951,306,0.51,TGA
orf3645,-,1,98038,321,0.583,TGA
orf3646,-,0,101699,522,0.563,TAA
orf3647,-,1,108652,321,0.511,TAA
orf3648,-,1,109159,405,0.543,TGA
orf3649,-,1,109870,1065,0.544,TAA
orf3650,-,2,110082,414,0.556,TGA
orf3651,-,1,111274,363,0.51,TAG
orf3652,-,0,111383,573,0.497,TGA
orf3653,-,0,113243,591,0.541,TAG
orf3654,-,1,115459,381,0.496,TGA
orf3655,-,1,116344,744,0.513,TAA
orf3656,-,2,117087,621,0.527,TAA
orf3657,-,2,119010,1203,0.522,TAA
orf3658,-,1,120202,1386,0.54,TAA
orf3659,-,1,121597,441,0.533,TAA
orf3660,-,0,121700,384,0.521,TAA
orf3661,-,0,122240,936,0.527,TAG
orf3662,-,0,123371,312,0.503,TAA
orf3663,-,1,124666,1374,0.525,TAA
orf3664,-,0,127754,2088,0.528,TGA
orf3665,-,1,130891,1230,0.546,TGA
orf3666,-,2,131637,420,0.55,TGA
orf3667,-,1,132364,390,0.505,TAA
orf3668,-,0,133778,1854,0.539,TAA
orf3669,-,1,134461,444,0.489,TGA
orf3670,-,1,136372,522,0.54,TAG
orf3671,-,0,136715,768,0.569,TGA
orf3672,-,1,137224,633,0.567,TGA
orf3673,-,0,137720,888,0.557,TAG
orf3674,-,1,139969,867,0.512,TAA
orf3675,-,1,140941,348,0.494,TAA
orf3676,-,1,143206,2391,0.552,TAA
orf3677,-,2,146379,663,0.502,TAA
orf3678,-,1,150685,381,0.525,TGA
orf3679,-,0,152534,798,0.541,TAA
orf3680,-,1,153397,795,0.541,TAA
orf3681,-,2,154326,1110,0.436,TAA
orf3682,-,0,155447,591,0.472,TAA
orf3683,-,1,156058,606,0.454,TAA
orf3684,-,2,156678,561,0.487,TAA
orf3685,-,1,157240,2475,0.49,TAA
orf3686,-,2,159882,726,0.483,TAA
orf3687,-,0,160694,606,0.459,TAA
orf3688,-,2,161571,483,0.501,TAG
orf3689,-,0,162050,1245,0.561,TGA
orf3690,-,1,163507,927,0.538,TGA
orf3691,-,1,164470,456,0.522,TAA
orf3692,-,1,165103,705,0.494,TAG
orf3693,-,2,165822,531,0.557,TAA
orf3694,-,1,169258,330,0.509,TAA
orf3695,-,1,175087,480,0.537,TAG
orf3696,-,2,175560,369,0.564,TGA
orf3697,-,2,176658,333,0.628,TGA
orf3698,-,0,177800,1281,0.556,TGA
orf3699,-,0,181199,624,0.534,TGA
orf3700,-,2,181860,801,0.524,TAG
orf3701,-,1,182653,699,0.528,TAA
orf3702,-,0,185063,375,0.528,TAA
orf3703,-,0,185741,330,0.548,TAG
orf3704,-,0,187907,387,0.444,TAA
orf3705,-,1,188608,825,0.531,TAA
orf3706,-,1,189463,2673,0.532,TGA
orf3707,-,0,192197,795,0.498,TAA
orf3708,-,0,194036,1053,0.5,TGA
orf3709,-,1,202618,318,0.491,TAA
orf3710,-,1,204580,561,0.545,TAA
orf3711,-,2,205512,687,0.512,TAA
orf3712,-,1,206647,396,0.515,TAA
orf3713,-,1,208177,465,0.553,TAA
orf3714,-,1,209569,507,0.562,TGA
orf3715,-,1,210781,369,0.539,TAA
orf3716,-,1,211894,423,0.494,TAA
orf3717,-,2,213216,705,0.516,TAA
orf3718,-,2,217947,339,0.516,TAA
orf3719,-,2,219510,825,0.492,TGA
orf3720,-,1,220387,1719,0.545,TGA
orf3721,-,2,222216,708,0.545,TAA
orf3722,-,0,222920,405,0.536,TGA
orf3723,-,0,223442,816,0.487,TAA
orf3724,-,0,224297,654,0.521,TAA
orf3725,-,2,224943,1032,0.519,TGA
orf3726,-,2,233295,915,0.499,TAA
orf3727,-,1,236146,1359,0.52,TGA
orf3728,-,2,237576,756,0.405,TGA
orf3729,-,0,239084,468,0.506,TAA
orf3730,-,2,239544,366,0.484,TAA
orf3731,-,1,239995,351,0.527,TGA
orf3732,-,2,241038,309,0.456,TAA
orf3733,-,2,242163,456,0.34,TGA
orf3734,-,0,242615,597,0.355,TGA
orf3735,-,1,243532,480,0.329,TAA
orf3736,-,0,243977,1410,0.539,TGA
orf3737,-,2,245397,3276,0.566,TGA
orf3738,-,1,248968,573,0.567,TAA
orf3739,-,2,249105,516,0.593,TGA
orf3740,-,2,249759,651,0.548,TGA
orf3741,-,1,250384,744,0.638,TAA
orf3742,-,0,250922,366,0.628,TGA
orf3743,-,2,251124,2772,0.598,TGA
orf3744,-,0,252128,336,0.604,TGA
orf3745,-,0,253904,762,0.53,TAA
orf3746,-,2,254670,1332,0.555,TAA
orf3747,-,0,256004,525,0.516,TAA
orf3748,-,2,256371,441,0.558,TGA
orf3749,-,1,256525,1302,0.567,TGA
orf3750,-,1,257830,1089,0.548,TAA
orf3751,-,2,258876,1851,0.534,TGA
orf3752,-,0,259676,348,0.537,TGA
orf3753,-,2,260730,414,0.524,TGA
orf3754,-,2,261234,1392,0.517,TAG
orf3755,-,2,262935,501,0.505,TAA
orf3756,-,2,264126,393,0.519,TAA
orf3757,-,0,264944,837,0.57,TGA
orf3758,-,0,266072,339,0.555,TGA
orf3759,-,2,267633,375,0.683,TGA
orf3760,-,0,267875,570,0.647,TAA
orf3761,-,2,268362,339,0.655,TGA
orf3762,-,2,269289,312,0.66,TGA
orf3763,-,1,270088,420,0.65,TAG
orf3764,-,1,273952,996,0.636,TAG
orf3765,-,2,276219,489,0.38,TAA
orf3766,-,1,277486,726,0.551,TGA
orf3767,-,1,278503,357,0.507,TAA
orf3768,-,1,278926,2445,0.563,TAA
orf3769,-,2,281718,432,0.532,TAA
orf3770,-,0,283031,741,0.493,TAA
orf3771,-,1,286243,1740,0.585,TGA
orf3772,-,0,288458,339,0.504,TGA
orf3773,-,0,289097,348,0.532,TAG
orf3774,-,1,289567,303,0.518,TAA
orf3775,-,1,291139,342,0.418,TGA
orf3776,-,0,292145,1266,0.525,TAA
orf3777,-,1,293995,420,0.502,TAA
orf3778,-,1,296155,1062,0.449,TAA
orf3779,-,0,298070,372,0.581,TAA
orf3780,-,0,299558,363,0.523,TAA
orf3781,-,0,300071,975,0.475,TAA
orf3782,-,0,301421,390,0.395,TAA
orf3783,-,2,301938,714,0.462,TGA
orf3784,-,1,304228,360,0.469,TGA
orf3785,-,2,305307,336,0.435,TGA
orf3786,-,1,305986,444,0.45,TGA
orf3787,-,2,306450,414,0.49,TAA
orf3788,-,0,307502,774,0.432,TGA
orf3789,-,0,309884,354,0.48,TAA
orf3790,-,0,314705,318,0.34,TGA
orf3791,-,2,315954,552,0.513,TAA
orf3792,-,0,316502,753,0.501,TGA
orf3793,-,2,320088,393,0.529,TAA
orf3794,-,2,322023,564,0.332,TAA
orf3795,-,2,323655,900,0.5,TAA
orf3796,-,2,326523,903,0.534,TGA
orf3797,-,0,328043,348,0.569,TAA
orf3798,-,0,329870,663,0.558,TGA
orf3799,-,2,330177,957,0.6,TGA
orf3800,-,2,331143,2199,0.595,TAA
orf3801,-,0,333338,957,0.61,TGA
orf3802,-,1,334291,690,0.548,TGA
orf3803,-,0,336260,330,0.506,TAA
orf3804,-,1,336721,318,0.478,TAG
orf3805,-,0,336902,756,0.528,TGA
orf3806,-,2,337581,1644,0.515,TAA
orf3807,-,1,339214,2526,0.55,TAA
orf3808,-,0,341765,669,0.55,TAG
orf3809,-,0,342491,588,0.529,TAA
orf3810,-,1,343153,543,0.392,TAA
orf3811,-,0,348572,1143,0.441,TAA
orf3812,-,0,349949,921,0.455,TAA
orf3813,-,1,352240,357,0.381,TAA
orf3814,-,1,352789,576,0.509,TAA
orf3815,-,0,358304,858,0.436,TAG
orf3816,-,1,360439,594,0.451,TGA
orf3817,-,2,361389,1353,0.455,TAA
orf3818,-,0,363236,318,0.503,TAA
orf3819,-,0,365606,438,0.523,TAA
orf3820,-,0,367661,417,0.35,TAA
orf3821,-,1,368425,1110,0.425,TGA
orf3822,-,2,369561,762,0.471,TAA
orf3823,-,2,370476,477,0.459,TGA
orf3824,-,1,371779,384,0.417,TAG
orf3825,-,1,373222,1551,0.575,TGA
orf3826,-,2,373362,363,0.576,TGA
orf3827,-,0,374924,1473,0.587,TAA
orf3828,-,2,376410,606,0.563,TAA
orf3829,-,0,382379,627,0.55,TGA
orf3830,-,1,384988,333,0.483,TAA
orf3831,-,2,385209,711,0.495,TAG
orf3832,-,1,386011,303,0.545,TAA
orf3833,-,1,387430,342,0.512,TAG
orf3834,-,1,388900,402,0.6,TGA
orf3835,-,0,389189,402,0.55,TAG
orf3836,-,1,390505,675,0.613,TAA
orf3837,-,0,392183,900,0.564,TAA
orf3838,-,1,392542,312,0.554,TAG
orf3839,-,0,393401,345,0.559,TAA
orf3840,-,1,393871,336,0.539,TAG
orf3841,-,2,399600,351,0.553,TGA
orf3842,-,1,402364,672,0.484,TGA
orf3843,-,1,403555,1587,0.553,TGA
orf3844,-,0,405386,369,0.528,TAG
orf3845,-,1,406222,393,0.509,TAG
orf3846,-,1,406849,399,0.561,TGA
orf3847,-,1,407632,333,0.553,TGA
orf3848,-,1,408709,681,0.53,TAA
orf3849,-,1,409411,576,0.599,TGA
orf3850,-,1,410113,972,0.586,TGA
orf3851,-,0,410804,375,0.584,TAA
orf3852,-,1,414565,900,0.553,TAA
orf3853,-,1,418024,663,0.427,TAA
orf3854,-,2,418701,1254,0.459,TAA
orf3855,-,2,420006,3075,0.557,TAA
orf3856,-,0,423203,960,0.566,TGA
orf3857,-,2,424035,318,0.557,TAA
orf3858,-,0,424322,954,0.518,TGA
orf3859,-,2,425295,777,0.477,TAA
orf3860,-,2,426186,948,0.537,TAG
orf3861,-,1,427144,303,0.548,TAA
orf3862,-,1,428317,333,0.568,TAA
orf3863,-,1,429757,969,0.542,TAA
orf3864,-,2,431160,609,0.553,TGA
orf3865,-,0,432374,843,0.561,TAG
orf3866,-,2,433182,471,0.556,TAA
orf3867,-,2,435633,834,0.489,TGA
orf3868,-,0,436559,1110,0.534,TGA
orf3869,-,2,438138,1059,0.534,TAA
orf3870,-,0,439196,2079,0.557,TAA
orf3871,-,1,441343,1032,0.512,TAA
orf3872,-,2,442371,1317,0.554,TGA
orf3873,-,2,443760,1542,0.537,TAA
orf3874,-,0,445301,630,0.538,TAA
orf3875,-,1,446530,354,0.559,TGA
orf3876,-,2,447609,393,0.57,TGA
orf3877,-,2,449754,975,0.539,TAA
orf3878,-,2,452973,423,0.496,TAA
orf3879,-,2,454908,1008,0.554,TGA
orf3880,-,1,458803,309,0.524,TAA
orf3881,-,1,459607,1095,0.513,TAA
orf3882,-,0,463802,348,0.555,TAA
orf3883,-,2,464613,810,0.548,TGA
orf3884,-,1,471193,978,0.511,TAA
orf3885,-,2,473280,1185,0.507,TAG
orf3886,-,0,474590,3144,0.543,TAA
orf3887,-,1,477730,1227,0.531,TGA
orf3888,-,2,479955,342,0.556,TAA
orf3889,-,1,480103,405,0.538,TAA
orf3890,-,0,483032,762,0.534,TGA
orf3891,-,1,484636,312,0.561,TGA
orf3892,-,1,485191,429,0.571,TAA
orf3893,-,1,487966,582,0.534,TGA
orf3894,-,0,488690,381,0.549,TAG
orf3895,-,2,488775,417,0.552,TAA
orf3896,-,1,491545,705,0.559,TAA
orf3897,-,2,492204,303,0.505,TGA
orf3898,-,2,494415,327,0.443,TAA
orf3899,-,0,495383,885,0.504,TGA
orf3900,-,2,496566,600,0.47,TAA
orf3901,-,1,498853,357,0.535,TAG
orf3902,-,0,499361,534,0.526,TGA
orf3903,-,0,500936,399,0.539,TAA
orf3904,-,0,501536,1572,0.325,TGA
orf3905,-,1,503338,975,0.536,TAA
orf3906,-,1,504367,1863,0.537,TAA
orf3907,-,1,506254,900,0.543,TAA
orf3908,-,2,509103,591,0.569,TAG
orf3909,-,1,509656,912,0.51,TAG
orf3910,-,1,511354,1365,0.53,TAA
orf3911,-,0,512867,891,0.535,TAA
orf3912,-,1,513769,330,0.497,TAA
orf3913,-,2,514098,615,0.535,TAA
orf3914,-,1,514702,1992,0.528,TGA
orf3915,-,0,515771,351,0.507,TAA
orf3916,-,1,516715,948,0.509,TAA
orf3917,-,1,518122,1476,0.54,TAA
orf3918,-,0,519641,681,0.505,TAA
orf3919,-,2,521517,513,0.519,TAA
orf3920,-,0,522836,402,0.502,TAG
orf3921,-,0,523250,324,0.519,TAA
orf3922,-,1,525001,303,0.528,TAA
orf3923,-,0,525221,690,0.513,TAA
orf3924,-,0,527978,765,0.525,TAA
orf3925,-,0,529700,351,0.447,TGA
orf3926,-,0,530915,696,0.516,TAA
orf3927,-,2,531675,1701,0.531,TGA
orf3928,-,0,535262,414,0.539,TGA
orf3929,-,2,535782,339,0.552,TAA
orf3930,-,1,537919,354,0.613,TAG
orf3931,-,2,540363,861,0.524,TAA
orf3932,-,2,542046,390,0.541,TAA
orf3933,-,0,543131,1557,0.479,TGA
orf3934,-,2,544845,471,0.465,TAA
orf3935,-,1,545431,552,0.482,TAA
orf3936,-,1,546154,420,0.395,TAA
orf3937,-,0,546398,375,0.403,TAG
orf3938,-,1,547318,3150,0.538,TGA
orf3939,-,0,550490,1194,0.54,TAA
orf3940,-,0,557405,450,0.553,TAA
orf3941,-,1,559168,327,0.618,TGA
orf3942,-,1,559729,378,0.497,TGA
orf3943,-,0,561323,1593,0.53,TGA
orf3944,-,0,563033,552,0.507,TGA
orf3945,-,0,563855,306,0.585,TAG
orf3946,-,2,564804,960,0.518,TAG
orf3947,-,1,566338,729,0.549,TAG
orf3948,-,2,566496,393,0.537,TAA
orf3949,-,1,567352,1677,0.552,TAA
orf3950,-,2,569265,1221,0.523,TGA
orf3951,-,1,571234,336,0.524,TAA
orf3952,-,1,572392,480,0.515,TAA
orf3953,-,2,573075,795,0.535,TAA
orf3954,-,1,574114,435,0.52,TGA
orf3955,-,2,574563,2505,0.582,TAA
orf3956,-,0,577505,336,0.53,TAA
orf3957,-,0,584507,378,0.614,TGA
orf3958,-,2,585066,378,0.611,TAA
orf3959,-,2,585591,450,0.598,TAG
orf3960,-,2,589812,423,0.598,TAA
orf3961,-,2,591348,381,0.622,TAG
orf3962,-,2,592245,381,0.619,TAA
orf3963,-,0,593087,477,0.61,TAA
orf3964,-,2,594036,684,0.633,TGA
orf3965,-,2,594963,357,0.597,TAA
orf3966,-,2,602811,411,0.594,TGA
orf3967,-,0,603875,321,0.601,TGA
orf3968,-,2,605766,423,0.437,TGA
orf3969,-,2,606273,1017,0.486,TAA
orf3970,-,1,608197,459,0.58,TGA
orf3971,-,2,608652,918,0.527,TGA
orf3972,-,1,611221,891,0.554,TGA
orf3973,-,1,612136,810,0.547,TGA
orf3974,-,0,612935,657,0.53,TAA
orf3975,-,2,614130,342,0.62,TAA
orf3976,-,1,617890,387,0.646,TGA
orf3977,-,1,618817,792,0.621,TAA
orf3978,-,1,619825,807,0.643,TAG
orf3979,-,1,622237,372,0.5,TGA
orf3980,-,0,622724,1095,0.551,TAA
orf3981,-,1,623887,927,0.52,TAA
orf3982,-,2,627174,426,0.549,TAA
orf3983,-,1,631963,498,0.558,TGA
orf3984,-,0,635078,435,0.575,TAA
orf3985,-,0,635768,786,0.463,TAA
orf3986,-,2,636564,1236,0.519,TAA
orf3987,-,2,637821,1050,0.527,TAA
orf3988,-,0,640403,303,0.601,TAG
orf3989,-,1,640969,339,0.581,TAG
orf3990,-,1,641452,693,0.576,TAA
orf3991,-,1,642982,687,0.568,TAA
orf3992,-,2,643362,300,0.553,TAA
orf3993,-,1,643978,1068,0.57,TAA
orf3994,-,2,645042,510,0.575,TGA
orf3995,-,2,645669,549,0.526,TAA
orf3996,-,0,646394,495,0.479,TAA
orf3997,-,1,647065,348,0.494,TAG
orf3998,-,2,648483,522,0.531,TAA
orf3999,-,2,649326,867,0.546,TAA
orf4000,-,0,655757,369,0.496,TAA
orf4001,-,0,656306,696,0.371,TAA
orf4002,-,2,657303,762,0.462,TGA
orf4003,-,0,658247,891,0.523,TAA
orf4004,-,0,659138,2973,0.551,TAA
orf4005,-,2,662097,2163,0.527,TAA
orf4006,-,1,664600,1137,0.414,TAA
orf4007,-,2,665151,405,0.415,TAA
orf4008,-,1,666199,1146,0.517,TGA
orf4009,-,1,667702,408,0.289,TAA
orf4010,-,2,668127,4851,0.58,TAA
orf4011,-,1,672997,462,0.543,TGA
orf4012,-,1,673486,1902,0.569,TGA
orf4013,-,2,675981,1449,0.528,TGA
orf4014,-,1,677419,684,0.548,TAA
orf4015,-,0,679835,429,0.478,TGA
orf4016,-,1,682018,453,0.561,TAA
orf4017,-,0,682112,708,0.544,TAG
orf4018,-,1,682816,474,0.544,TGA
orf4019,-,0,685931,1248,0.477,TAA
orf4020,-,1,687286,654,0.511,TAA
orf4021,-,1,688033,369,0.477,TAA
orf4022,-,1,688780,1119,0.524,TAA
orf4023,-,2,689265,444,0.532,TGA
orf4024,-,1,690160,357,0.49,TAG
orf4025,-,1,691114,630,0.487,TAA
orf4026,-,1,691909,2295,0.538,TGA
orf4027,-,0,695054,384,0.576,TGA
orf4028,-,1,696691,321,0.508,TAA
orf4029,-,0,701039,957,0.539,TAA
orf4030,-,1,701851,993,0.574,TGA
orf4031,-,2,702840,1017,0.606,TGA
orf4032,-,0,705209,615,0.53,TAA
orf4033,-,0,709262,459,0.545,TAA
orf4034,-,1,710218,498,0.59,TAA
orf4035,-,2,710448,339,0.578,TAA
orf4036,-,2,710787,300,0.597,TAA
orf4037,-,2,711720,669,0.577,TAG
orf4038,-,1,713857,1089,0.556,TGA
orf4039,-,1,716215,630,0.47,TAA
orf4040,-,2,716817,1221,0.477,TAA
orf4041,-,0,718184,903,0.386,TGA
orf4042,-,1,719296,807,0.462,TAA
orf4043,-,0,722792,429,0.492,TAA
orf4044,-,2,723273,348,0.445,TAA
orf4045,-,0,724910,411,0.545,TAA
orf4046,-,2,725550,825,0.515,TAA
orf4047,-,0,726470,1464,0.507,TAA
orf4048,-,1,727984,879,0.549,TAA
orf4049,-,0,728837,552,0.582,TAA
orf4050,-,0,729392,1533,0.559,TAA
orf4051,-,2,730935,924,0.571,TAA
orf4052,-,1,732151,1059,0.51,TGA
orf4053,-,1,735937,1386,0.509,TAA
orf4054,-,2,738909,315,0.502,TAA
orf4055,-,2,739545,321,0.508,TAA
orf4056,-,0,740606,966,0.537,TAA
orf4057,-,2,741780,687,0.467,TGA
orf4058,-,1,742993,576,0.472,TAA
orf4059,-,2,744108,1212,0.496,TAA
orf4060,-,1,745459,1089,0.574,TAG
orf4061,-,0,746558,1113,0.519,TAA
orf4062,-,1,747673,1902,0.527,TAA
orf4063,-,1,749605,435,0.589,TGA
orf4064,-,0,750653,615,0.502,TGA
orf4065,-,1,750829,309,0.485,TAA
orf4066,-,1,751288,642,0.495,TGA
orf4067,-,0,751931,1032,0.523,TGA
orf4068,-,1,752962,486,0.508,TGA
orf4069,-,2,753558,2607,0.531,TAA
orf4070,-,0,755411,375,0.504,TGA
orf4071,-,1,756928,588,0.48,TAG
orf4072,-,0,760211,555,0.427,TAA
orf4073,-,0,763082,1671,0.501,TAA
orf4074,-,1,764836,936,0.509,TAA
orf4075,-,1,765889,726,0.511,TAA
orf4076,-,2,766614,675,0.508,TAA
orf4077,-,0,767288,741,0.525,TAA
orf4078,-,2,768198,978,0.482,TAA
orf4079,-,2,769503,1539,0.556,TAA
orf4080,-,2,771066,879,0.516,TAA
orf4081,-,0,772034,468,0.519,TAA
orf4082,-,1,772498,1080,0.541,TGA
orf4083,-,2,773691,1425,0.54,TAA
orf4084,-,0,775481,324,0.534,TAG
orf4085,-,2,777675,1665,0.521,TAA
orf4086,-,0,777944,342,0.535,TGA
orf4087,-,1,779596,753,0.533,TGA
orf4088,-,2,780396,1221,0.532,TAA
orf4089,-,0,781625,1149,0.521,TAA
orf4090,-,1,782833,801,0.487,TAA
orf4091,-,2,784212,690,0.572,TAA
orf4092,-,1,786655,567,0.533,TGA
orf4093,-,0,789149,690,0.529,TAA
orf4094,-,0,790223,447,0.485,TAA
orf4095,-,0,790958,531,0.488,TGA
orf4096,-,1,791032,363,0.515,TGA
orf4097,-,2,791628,363,0.534,TAA
orf4098,-,1,792061,765,0.506,TAA
orf4099,-,2,793548,1038,0.537,TAG
orf4100,-,0,795278,1320,0.507,TAA
orf4101,-,1,796594,2208,0.486,TGA
orf4102,-,2,799482,603,0.567,TGA
orf4103,-,0,800156,2685,0.578,TGA
orf4104,-,2,802833,573,0.539,TAA
orf4105,-,0,803414,2049,0.56,TGA
orf4106,-,2,805485,1674,0.553,TGA
orf4107,-,2,809748,567,0.6,TAA
orf4108,-,2,810534,378,0.616,TAA
orf4109,-,2,811062,495,0.616,TGA
orf4110,-,0,816368,384,0.505,TAA
orf4111,-,1,817720,1482,0.517,TAA
orf4112,-,2,819666,405,0.57,TAG
orf4113,-,0,820223,339,0.572,TGA
orf4114,-,2,823368,1092,0.559,TAG
orf4115,-,1,824176,300,0.517,TAA
orf4116,-,1,824563,1062,0.469,TGA
orf4117,-,2,825621,732,0.526,TGA
orf4118,-,0,826655,2172,0.507,TAG
orf4119,-,1,826954,351,0.504,TGA
orf4120,-,2,828876,582,0.454,TAA
orf4121,-,0,829829,1284,0.502,TAA
orf4122,-,2,832521,834,0.561,TAA
orf4123,-,2,833424,747,0.548,TGA
orf4124,-,0,833648,621,0.552,TGA
orf4125,-,2,836559,1761,0.559,TGA
orf4126,-,1,838378,477,0.581,TGA
orf4127,-,1,843118,603,0.531,TAA
orf4128,-,1,843730,1653,0.491,TAA
orf4129,-,2,845490,1293,0.488,TGA
orf4130,-,1,846931,318,0.381,TAA
orf4131,-,2,847245,1371,0.55,TGA
orf4132,-,2,848619,1242,0.535,TAA
orf4133,-,0,849860,1446,0.526,TAA
orf4134,-,0,851324,1389,0.531,TAA
orf4135,-,1,852712,513,0.483,TGA
orf4136,-,0,853709,423,0.364,TAA
orf4137,-,0,854213,945,0.382,TAA
orf4138,-,2,855990,351,0.499,TAA
orf4139,-,2,856371,534,0.515,TGA
orf4140,-,0,857078,300,0.59,TGA
orf4141,-,2,857436,1281,0.534,TAA
orf4142,-,0,858257,342,0.544,TAA
orf4143,-,1,863425,618,0.49,TGA
orf4144,-,1,867745,942,0.534,TAA
orf4145,-,2,868800,381,0.517,TAA
orf4146,-,2,869679,729,0.514,TGA
orf4147,-,2,870714,753,0.515,TAA
orf4148,-,2,871668,966,0.55,TAA
orf4149,-,0,872702,1149,0.527,TGA
orf4150,-,0,873854,1047,0.551,TAA
orf4151,-,0,874910,1059,0.536,TAA
orf4152,-,0,876188,1485,0.523,TAA
orf4153,-,2,877728,789,0.525,TAA
orf4154,-,1,879922,366,0.536,TAA
orf4155,-,1,880897,300,0.527,TGA
orf4156,-,1,881485,819,0.518,TAA
orf4157,-,0,882431,417,0.561,TGA
orf4158,-,2,882585,309,0.583,TGA
orf4159,-,2,883494,1017,0.441,TAA
orf4160,-,1,883573,324,0.509,TAA
orf4161,-,0,889406,315,0.47,TAA
orf4162,-,1,889777,933,0.531,TAA
orf4163,-,2,891195,771,0.457,TAA
orf4164,-,2,894675,681,0.532,TGA
orf4165,-,0,895352,504,0.514,TGA
orf4166,-,1,897889,960,0.394,TAA
orf4167,-,1,906886,390,0.559,TAA
orf4168,-,2,908655,354,0.531,TGA
orf4169,-,2,909138,585,0.511,TGA
orf4170,-,1,909991,363,0.532,TGA
orf4171,-,2,910479,363,0.529,TGA
orf4172,-,1,911200,339,0.549,TAA
orf4173,-,1,912046,396,0.558,TGA
orf4174,-,0,912152,366,0.568,TGA
orf4175,-,0,913166,336,0.542,TGA
orf4176,-,0,914105,396,0.568,TGA
orf4177,-,2,915375,342,0.518,TGA
orf4178,-,2,917379,405,0.622,TGA
orf4179,-,1,917689,366,0.568,TGA
orf4180,-,1,918697,342,0.564,TAA
orf4181,-,0,919643,843,0.607,TGA
orf4182,-,0,920864,474,0.502,TGA
orf4183,-,1,921337,336,0.53,TAA
orf4184,-,0,921935,300,0.463,TAA
orf4185,-,2,922140,321,0.508,TAG
orf4186,-,2,923037,393,0.575,TGA
orf4187,-,0,923549,759,0.592,TGA
orf4188,-,0,929798,477,0.528,TAA
orf4189,-,2,930333,1401,0.548,TAA
orf4190,-,1,933169,360,0.581,TAA
orf4191,-,2,933897,312,0.583,TAA
orf4192,-,2,938103,909,0.518,TAA
orf4193,-,2,939633,393,0.539,TAA
orf4194,-,2,940377,543,0.521,TAA
orf4195,-,0,940673,492,0.551,TGA
orf4196,-,2,943908,957,0.533,TGA
orf4197,-,0,944864,1242,0.544,TGA
orf4198,-,1,946102,762,0.554,TGA
orf4199,-,1,947368,1107,0.524,TAA
orf4200,-,0,948485,1134,0.552,TAG
orf4201,-,2,949611,1737,0.557,TAA
orf4202,-,1,951340,996,0.573,TGA
orf4203,-,2,952338,684,0.544,TAG
orf4204,-,2,953259,402,0.602,TAA
orf4205,-,0,957515,516,0.548,TAA
orf4206,-,0,958793,318,0.525,TAG
orf4207,-,0,959744,555,0.569,TAA
orf4208,-,1,961132,429,0.566,TAG
orf4209,-,0,961619,300,0.59,TGA
orf4210,-,2,962607,303,0.505,TAG
orf4211,-,1,962971,723,0.521,TGA
orf4212,-,2,963699,2283,0.537,TGA
orf4213,-,0,964091,309,0.524,TGA
orf4214,-,0,965777,360,0.475,TAG
orf4215,-,2,966246,405,0.469,TAA
orf4216,-,1,967705,2226,0.534,TAA
orf4217,-,2,970047,483,0.538,TAA
orf4218,-,0,970766,660,0.535,TGA
orf4219,-,1,971563,747,0.491,TAA
orf4220,-,0,972713,504,0.486,TAA
orf4221,-,2,973515,888,0.536,TAA
orf4222,-,1,973804,417,0.559,TGA
orf4223,-,1,975319,1584,0.487,TAA
orf4224,-,2,978357,375,0.557,TAG
orf4225,-,2,979128,921,0.533,TAA
orf4226,-,1,982027,1266,0.556,TGA
orf4227,-,0,983444,816,0.463,TGA
orf4228,-,2,984405,1746,0.547,TAA
orf4229,-,0,986282,555,0.551,TAG
orf4230,-,1,986842,900,0.547,TAA
orf4231,-,2,988713,750,0.559,TAA
orf4232,-,0,989462,1236,0.567,TAA
orf4233,-,1,990976,327,0.554,TAA
orf4234,-,0,1000163,312,0.439,TGA
orf4235,-,0,1001066,330,0.461,TAA
orf4236,-,2,1001385,387,0.411,TAA
orf4237,-,2,1001997,1326,0.526,TAA
orf4238,-,2,1005141,627,0.517,TAA
orf4239,-,2,1007262,759,0.503,TAA
orf4240,-,2,1008078,597,0.521,TGA
orf4241,-,1,1010602,816,0.457,TAA
orf4242,-,2,1011417,1209,0.553,TGA
orf4243,-,0,1013420,1488,0.528,TAA
orf4244,-,2,1017723,363,0.565,TGA
orf4245,-,1,1020787,321,0.533,TAA
orf4246,-,0,1022828,366,0.538,TAA
orf4247,-,1,1028440,783,0.47,TAA
orf4248,-,2,1029462,669,0.529,TAA
orf4249,-,0,1030130,717,0.547,TAA
orf4250,-,0,1030853,732,0.492,TAA
orf4251,-,1,1031602,729,0.525,TAA
orf4252,-,0,1032548,522,0.534,TAA
orf4253,-,1,1036060,462,0.552,TAA
orf4254,-,2,1036851,1050,0.54,TAA
orf4255,-,0,1037963,1203,0.543,TAA
orf4256,-,2,1039404,1002,0.56,TAA
orf4257,-,2,1040442,1719,0.544,TAA
orf4258,-,2,1042293,969,0.554,TAA
orf4259,-,0,1043273,1653,0.545,TAA
orf4260,-,1,1045069,900,0.488,TAA
orf4261,-,0,1046426,696,0.52,TAA
orf4262,-,1,1047694,300,0.523,TGA
orf4263,-,2,1048281,357,0.521,TAG
orf4264,-,2,1048752,348,0.5,TGA
orf4265,-,2,1049202,993,0.497,TAA
orf4266,-,1,1052785,312,0.51,TAA
orf4267,-,2,1054428,330,0.545,TAA
orf4268,-,2,1055778,516,0.521,TAA
orf4269,-,0,1055969,309,0.524,TGA
orf4270,-,2,1056297,315,0.546,TGA
orf4271,-,2,1057629,498,0.5,TAA
orf4272,-,1,1057804,705,0.538,TGA
orf4273,-,2,1058550,1722,0.538,TAA
orf4274,-,2,1060272,1767,0.534,TAA
orf4275,-,0,1062161,966,0.532,TAA
orf4276,-,2,1063425,450,0.491,TAA
orf4277,-,1,1064623,441,0.524,TAA
orf4278,-,0,1066145,696,0.56,TGA
orf4279,-,2,1067508,309,0.515,TAA
orf4280,-,2,1070514,540,0.524,TAA
orf4281,-,1,1070812,384,0.529,TAA
orf4282,-,1,1071910,309,0.434,TGA
orf4283,-,0,1072286,384,0.576,TAG
orf4284,-,0,1073621,330,0.506,TGA
orf4285,-,2,1074465,1161,0.523,TAG
orf4286,-,2,1076043,627,0.461,TAA
orf4287,-,2,1079982,768,0.497,TAA
orf4288,-,0,1080914,2283,0.514,TAA
orf4289,-,0,1083251,816,0.489,TAA
orf4290,-,0,1084514,1761,0.508,TAA
orf4291,-,0,1088120,360,0.5,TAG
orf4292,-,2,1088982,402,0.453,TAA
orf4293,-,2,1091121,348,0.557,TGA
orf4294,-,2,1091673,654,0.517,TAA
orf4295,-,0,1097408,540,0.515,TGA
orf4296,-,2,1102263,780,0.519,TGA
orf4297,-,0,1103921,885,0.537,TGA
orf4298,-,0,1105991,828,0.572,TGA
orf4299,-,0,1106849,411,0.582,TAG
orf4300,-,0,1109642,705,0.532,TAA
orf4301,-,1,1111729,309,0.54,TAA
orf4302,-,0,1113989,1191,0.524,TAA
orf4303,-,2,1115364,1089,0.477,TAA
orf4304,-,0,1117055,1401,0.527,TAA
orf4305,-,0,1118624,1251,0.51,TAA
orf4306,-,2,1120425,570,0.523,TGA
orf4307,-,2,1121055,819,0.543,TAA
orf4308,-,2,1122057,348,0.549,TAG
orf4309,-,2,1122747,768,0.553,TAA
orf4310,-,0,1123511,792,0.552,TGA
orf4311,-,2,1124043,306,0.559,TAG
orf4312,-,1,1124314,1146,0.575,TAA
orf4313,-,2,1124769,393,0.555,TGA
orf4314,-,2,1125456,1002,0.523,TGA
orf4315,-,1,1126408,576,0.538,TAA
orf4316,-,0,1128149,312,0.481,TGA
orf4317,-,0,1135961,1068,0.505,TAG
orf4318,-,0,1138367,612,0.523,TAG
orf4319,-,0,1142660,366,0.495,TAG
orf4320,-,1,1145422,627,0.517,TGA
orf4321,-,2,1146009,1587,0.526,TGA
orf4322,-,0,1148483,1041,0.536,TAA
orf4323,-,1,1149880,510,0.482,TAA
orf4324,-,1,1151200,2163,0.522,TAA
orf4325,-,1,1153372,447,0.485,TAA
orf4326,-,0,1154417,333,0.562,TGA
orf4327,-,1,1156027,468,0.521,TAA
orf4328,-,2,1156581,663,0.505,TGA
orf4329,-,2,1157874,369,0.537,TAA
orf4330,-,2,1158249,1191,0.52,TAA
orf4331,-,2,1159809,387,0.457,TAA
orf4332,-,2,1160229,660,0.503,TAA
orf4333,-,0,1161296,1020,0.445,TAG
orf4334,-,2,1162293,381,0.47,TAA
orf4335,-,1,1162603,2472,0.492,TGA
orf4336,-,2,1164093,474,0.513,TGA
orf4337,-,2,1166490,390,0.387,TGA
orf4338,-,2,1167960,402,0.463,TGA
orf4339,-,2,1169358,456,0.454,TAA
orf4340,-,2,1170555,870,0.566,TGA
orf4341,-,2,1173309,774,0.344,TAA
orf4342,-,2,1175028,387,0.53,TAA
orf4343,-,1,1183363,315,0.492,TAA
orf4344,-,1,1184143,468,0.545,TGA
orf4345,-,2,1184946,534,0.543,TAG
orf4346,-,0,1190501,525,0.554,TGA
orf4347,-,0,1191995,597,0.58,TGA
orf4348,-,2,1193763,576,0.611,TGA
orf4349,-,0,1194548,312,0.606,TGA
orf4350,-,0,1196024,1335,0.543,TGA
orf4351,-,1,1196251,300,0.53,TAG
orf4352,-,0,1198022,462,0.584,TGA
orf4353,-,2,1199127,696,0.596,TAA
orf4354,-,0,1199324,414,0.611,TGA
orf4355,-,2,1200621,333,0.634,TGA
orf4356,-,2,1201161,549,0.579,TAA
orf4357,-,0,1201178,645,0.575,TGA
orf4358,-,0,1202675,987,0.535,TAA
orf4359,-,0,1204790,555,0.652,TAG
orf4360,-,2,1205160,648,0.585,TGA
orf4361,-,1,1206961,342,0.547,TGA
orf4362,-,2,1207764,348,0.601,TGA
orf4363,-,0,1208231,759,0.61,TGA
orf4364,-,1,1209250,570,0.528,TGA
orf4365,-,0,1211357,864,0.547,TAA
orf4366,-,1,1211521,351,0.558,TAA
orf4367,-,1,1212346,384,0.549,TGA
orf4368,-,2,1214844,648,0.574,TAG
orf4369,-,1,1221160,2181,0.507,TAA
orf4370,-,0,1223360,447,0.523,TAA
orf4371,-,1,1223794,1140,0.509,TAA
orf4372,-,1,1224979,2097,0.521,TAA
orf4373,-,2,1226544,393,0.522,TGA
orf4374,-,2,1227075,747,0.521,TGA
orf4375,-,0,1227818,579,0.484,TGA
orf4376,-,2,1228569,324,0.565,TAA
orf4377,-,0,1230641,1074,0.488,TAA
orf4378,-,1,1231786,2865,0.539,TGA
orf4379,-,0,1234952,330,0.533,TGA
orf4380,-,1,1235614,693,0.531,TGA
orf4381,-,1,1236457,501,0.511,TAG
orf4382,-,1,1236976,723,0.52,TAA
orf4383,-,2,1237701,1380,0.549,TAA
orf4384,-,0,1239080,306,0.552,TGA
orf4385,-,2,1239153,543,0.551,TGA
orf4386,-,0,1240904,306,0.546,TGA
orf4387,-,1,1241209,921,0.532,TAA
orf4388,-,0,1245464,579,0.541,TAA
orf4389,-,1,1245649,372,0.551,TGA
orf4390,-,1,1246039,1311,0.47,TGA
orf4391,-,0,1247402,300,0.447,TAA
orf4392,-,2,1247772,312,0.433,TAA
orf4393,-,0,1248143,366,0.467,TAA
orf4394,-,2,1248420,624,0.476,TAA
orf4395,-,2,1249773,468,0.5,TGA
orf4396,-,1,1251838,681,0.523,TGA
orf4397,-,2,1252515,786,0.524,TGA
orf4398,-,0,1253306,417,0.482,TAA
orf4399,-,0,1254026,369,0.382,TGA
orf4400,-,0,1254887,345,0.478,TGA
orf4401,-,1,1255888,522,0.444,TAA
orf4402,-,1,1256911,696,0.455,TAA
orf4403,-,0,1262579,315,0.517,TGA
orf4404,-,2,1269321,342,0.52,TGA
orf4405,-,1,1270402,891,0.54,TGA
orf4406,-,2,1271289,327,0.541,TGA
orf4407,-,1,1272883,321,0.548,TAG
orf4408,-,0,1284386,306,0.536,TAA
orf4409,-,1,1286026,828,0.597,TAA
orf4410,-,2,1293825,507,0.556,TAA
orf4411,-,1,1296994,354,0.602,TAA
orf4412,-,2,1302087,372,0.551,TGA
orf4413,-,0,1302443,390,0.538,TAG
orf4414,-,1,1304812,345,0.438,TAA
orf4415,-,0,1305722,396,0.467,TGA
orf4416,-,1,1306117,366,0.536,TGA
orf4417,-,0,1307552,630,0.471,TAA
orf4418,-,1,1309330,1329,0.536,TAA
orf4419,-,2,1310679,576,0.582,TAA
orf4420,-,1,1311184,591,0.56,TAA
orf4421,-,1,1311784,801,0.578,TAA
orf4422,-,0,1312592,387,0.537,TGA
orf4423,-,2,1312905,564,0.557,TGA
orf4424,-,1,1312990,696,0.549,TAA
orf4425,-,2,1313682,1149,0.553,TGA
orf4426,-,0,1315739,3963,0.566,TAA
orf4427,-,1,1319206,312,0.577,TGA
orf4428,-,1,1320451,480,0.527,TAA
orf4429,-,0,1321781,1344,0.497,TAA
orf4430,-,1,1324291,360,0.519,TAA
orf4431,-,2,1326861,453,0.534,TAG
orf4432,-,1,1328128,393,0.547,TAA
orf4433,-,0,1329056,414,0.44,TAA
orf4434,-,2,1329471,1326,0.468,TAA
orf4435,-,1,1330789,2019,0.443,TAA
orf4436,-,2,1332816,2424,0.473,TAA
orf4437,-,1,1338994,492,0.335,TAA
orf4438,-,0,1339490,813,0.337,TAA
orf4439,-,2,1341918,690,0.462,TAA
orf4440,-,0,1342604,1335,0.491,TGA
orf4441,-,1,1343113,369,0.474,TAG
orf4442,-,0,1343954,2523,0.513,TGA
orf4443,-,2,1346529,723,0.458,TAA
orf4444,-,1,1347316,561,0.512,TAA
orf4445,-,1,1347919,624,0.319,TAA
orf4446,-,0,1350779,486,0.496,TAA
orf4447,-,0,1352129,1197,0.503,TGA
orf4448,-,2,1354314,456,0.458,TAA
orf4449,-,1,1359187,630,0.559,TAA
orf4450,-,0,1360538,342,0.576,TAG
orf4451,-,1,1360876,360,0.506,TGA
orf4452,-,0,1361987,456,0.564,TAG
orf4453,-,1,1370167,351,0.422,TAA
orf4454,-,1,1372018,1818,0.325,TGA
orf4455,-,1,1380112,312,0.494,TAA
orf4456,-,0,1381505,327,0.419,TGA
orf4457,-,1,1381927,1539,0.585,TAA
orf4458,-,0,1383515,348,0.586,TAA
orf4459,-,1,1383859,381,0.522,TGA
orf4460,-,1,1384315,312,0.487,TGA
orf4461,-,1,1387987,1620,0.328,TAG
orf4462,-,0,1390457,390,0.528,TAA
orf4463,-,1,1391368,336,0.521,TAG
orf4464,-,0,1393511,540,0.537,TGA
orf4465,-,2,1394982,387,0.517,TGA
orf4466,-,1,1395637,342,0.462,TGA
orf4467,-,0,1397783,342,0.33,TGA
orf4468,-,0,1398170,738,0.302,TAA
orf4469,-,1,1400374,486,0.562,TGA
orf4470,-,1,1401616,546,0.524,TGA
orf4471,-,0,1402442,438,0.539,TGA
orf4472,-,1,1403599,858,0.543,TGA
orf4473,-,2,1403733,516,0.545,TGA
orf4474,-,1,1404538,363,0.537,TAA
orf4475,-,0,1404866,330,0.533,TGA
orf4476,-,1,1405456,468,0.496,TGA
orf4477,-,2,1405941,1209,0.533,TAA
orf4478,-,1,1407160,957,0.541,TAA
orf4479,-,2,1408116,813,0.546,TGA
orf4480,-,1,1408852,381,0.522,TGA
orf4481,-,0,1409198,1110,0.541,TAA
orf4482,-,2,1409964,1143,0.544,TAA
orf4483,-,2,1411116,1059,0.502,TAA
orf4484,-,2,1413918,639,0.484,TGA
orf4485,-,0,1414793,501,0.525,TGA
orf4486,-,0,1415300,360,0.514,TAG
orf4487,-,0,1418369,2091,0.516,TGA
orf4488,-,1,1425334,336,0.512,TAA
orf4489,-,2,1427700,504,0.532,TAA
orf4490,-,0,1428635,471,0.372,TAA
orf4491,-,1,1430128,363,0.512,TAA
orf4492,-,2,1431939,888,0.535,TGA
orf4493,-,0,1432826,327,0.52,TAA
orf4494,-,1,1443055,792,0.573,TGA
orf4495,-,2,1444287,342,0.564,TGA
orf4496,-,2,1444836,381,0.564,TAG
orf4497,-,2,1445232,1053,0.569,TAG
orf4498,-,1,1447069,342,0.494,TGA
orf4499,-,2,1451808,312,0.535,TAA
orf4500,-,2,1452144,543,0.554,TAA
orf4501,-,2,1452765,912,0.579,TGA
orf4502,-,2,1455687,423,0.496,TAA
orf4503,-,1,1456066,546,0.458,TGA
orf4504,-,2,1457796,675,0.498,TAA
orf4505,-,1,1459990,834,0.504,TGA
orf4506,-,2,1460850,417,0.42,TAA
orf4507,-,2,1461291,390,0.428,TAA
orf4508,-,1,1461685,651,0.418,TAA
orf4509,-,2,1466925,1158,0.443,TAA
orf4510,-,2,1470804,450,0.558,TGA
orf4511,-,0,1471562,306,0.526,TAA
orf4512,-,1,1472947,375,0.504,TAA
orf4513,-,0,1473404,1068,0.522,TGA
orf4514,-,0,1474802,921,0.528,TAA
orf4515,-,1,1476223,555,0.505,TAA
orf4516,-,2,1477041,576,0.464,TAA
orf4517,-,2,1477620,567,0.51,TAA
orf4518,-,1,1478608,1119,0.524,TAA
orf4519,-,2,1479180,393,0.547,TAA
orf4520,-,0,1480385,378,0.46,TAA
orf4521,-,2,1480704,1047,0.531,TAA
orf4522,-,2,1481856,576,0.476,TAA
orf4523,-,1,1482550,600,0.488,TAA
orf4524,-,1,1483261,1209,0.557,TGA
orf4525,-,1,1486507,399,0.551,TAG
orf4526,-,1,1488256,360,0.542,TAA
orf4527,-,0,1488557,417,0.48,TGA
orf4528,-,2,1489347,660,0.523,TAA
orf4529,-,2,1493286,315,0.603,TGA
orf4530,-,1,1494724,432,0.565,TAG
orf4531,-,0,1496642,351,0.547,TAA
orf4532,-,2,1499358,303,0.505,TGA
orf4533,-,0,1500287,3186,0.558,TAA
orf4534,-,0,1505105,624,0.487,TAG
orf4535,-,1,1506139,366,0.484,TAG
orf4536,-,0,1508456,882,0.554,TGA
orf4537,-,2,1513911,501,0.511,TAA
orf4538,-,1,1516957,312,0.522,TGA
orf4539,-,2,1517679,318,0.547,TAA
orf4540,-,2,1518456,2190,0.499,TGA
orf4541,-,2,1521153,312,0.529,TGA
orf4542,-,0,1522478,384,0.539,TGA
orf4543,-,2,1524306,501,0.485,TAA
orf4544,-,0,1525790,330,0.53,TAA
orf4545,-,0,1527323,711,0.501,TAA
orf4546,-,2,1528536,960,0.532,TAA
orf4547,-,0,1529642,3495,0.548,TAA
orf4548,-,1,1531150,324,0.58,TAG
orf4549,-,2,1533216,1074,0.489,TAA
orf4550,-,0,1534586,399,0.549,TAA
orf4551,-,0,1535258,390,0.549,TGA
orf4552,-,2,1539621,1047,0.512,TAA
orf4553,-,0,1540664,795,0.504,TGA
orf4554,-,2,1541625,1119,0.453,TGA
orf4555,-,0,1543043,345,0.484,TAA
orf4556,-,0,1544663,477,0.426,TAA
orf4557,-,2,1546545,351,0.581,TAA
orf4558,-,0,1547012,462,0.576,TAA
orf4559,-,1,1551511,387,0.53,TAA
orf4560,-,1,1553455,336,0.488,TAA
orf4561,-,0,1554440,300,0.567,TAA
orf4562,-,0,1555148,456,0.572,TGA
orf4563,-,0,1558325,384,0.521,TAA
orf4564,-,0,1559993,312,0.574,TAG
orf4565,-,2,1562535,387,0.579,TAA
orf4566,-,2,1563609,366,0.612,TGA
orf4567,-,0,1563971,369,0.558,TGA
orf4568,-,0,1564394,468,0.618,TGA
orf4569,-,2,1564485,303,0.64,TGA
orf4570,-,2,1564950,894,0.574,TGA
orf4571,-,0,1565663,318,0.594,TGA
orf4572,-,1,1565836,324,0.605,TGA
orf4573,-,0,1566320,408,0.6,TAG
orf4574,-,1,1566595,579,0.596,TGA
orf4575,-,1,1568062,1026,0.562,TAA
orf4576,-,2,1569690,405,0.593,TGA
orf4577,-,2,1570431,345,0.533,TGA
orf4578,-,2,1571292,774,0.576,TAA
orf4579,-,1,1571650,330,0.594,TGA
orf4580,-,1,1572145,306,0.578,TGA
orf4581,-,2,1572552,420,0.567,TAA
orf4582,-,2,1574139,381,0.543,TAA
orf4583,-,2,1574760,300,0.547,TAA
orf4584,-,2,1575864,336,0.631,TGA
orf4585,-,1,1578109,666,0.577,TGA
orf4586,-,0,1582958,330,0.336,TGA
orf4587,-,0,1586045,792,0.542,TAG
orf4588,-,1,1588147,1362,0.403,TAA
orf4589,-,1,1589872,864,0.505,TAG
orf4590,-,0,1590719,1137,0.508,TAA
orf4591,-,0,1592513,318,0.506,TAA
orf4592,-,0,1593380,1131,0.536,TAA
orf4593,-,2,1596582,327,0.477,TAG
orf4594,-,2,1600590,345,0.423,TAA
orf4595,-,2,1605933,315,0.543,TAA
orf4596,-,0,1606343,360,0.517,TAA
orf4597,-,0,1608926,339,0.519,TAA
orf4598,-,2,1610040,1461,0.509,TAA
orf4599,-,0,1611500,672,0.473,TGA
orf4600,-,0,1612340,1371,0.526,TAA
orf4601,-,1,1612906,351,0.55,TGA
orf4602,-,0,1613714,507,0.584,TGA
orf4603,-,1,1614391,1107,0.534,TGA
orf4604,-,2,1614792,306,0.526,TGA
orf4605,-,2,1615551,462,0.504,TAA
orf4606,-,2,1616022,654,0.511,TAA
orf4607,-,2,1616763,663,0.502,TAG
orf4608,-,0,1618211,1143,0.434,TAG
orf4609,-,0,1619912,327,0.434,TGA
orf4610,-,2,1624431,519,0.505,TAA
orf4611,-,1,1624654,339,0.51,TGA
orf4612,-,2,1625103,705,0.512,TAA
orf4613,-,0,1628432,453,0.336,TAA
orf4614,-,0,1629983,360,0.503,TAA
orf4615,-,1,1630201,357,0.529,TAA
orf4616,-,2,1631112,318,0.544,TGA
orf4617,-,0,1632377,399,0.561,TAA
orf4618,-,0,1634495,492,0.61,TAA
orf4619,-,0,1635263,435,0.616,TGA
orf4620,-,2,1636149,552,0.58,TGA
orf4621,-,0,1639166,357,0.594,TAG
orf4622,-,2,1639722,372,0.565,TGA
orf4623,-,1,1641046,300,0.623,TGA
orf4624,-,2,1641609,417,0.568,TGA
orf4625,-,0,1642085,507,0.578,TGA
orf4626,-,2,1644027,405,0.622,TGA
orf4627,-,1,1644337,366,0.568,TGA
orf4628,-,1,1645369,342,0.576,TAA
orf4629,-,0,1646315,1548,0.596,TGA
orf4630,-,1,1646839,339,0.614,TAG
orf4631,-,1,1649737,306,0.618,TGA
orf4632,-,1,1650355,519,0.599,TAG
orf4633,-,1,1653130,891,0.429,TAA
orf4634,-,1,1654039,507,0.396,TAA
orf4635,-,1,1654582,501,0.379,TGA
orf4636,-,2,1655841,669,0.407,TAG
orf4637,-,1,1659505,1485,0.422,TAA
orf4638,-,1,1661176,954,0.434,TAA
orf4639,-,2,1666035,813,0.497,TAA
orf4640,-,0,1666871,696,0.509,TGA
orf4641,-,0,1668557,402,0.43,TAA
orf4642,-,1,1669780,420,0.555,TAG
orf4643,-,1,1670968,918,0.413,TGA
orf4644,-,0,1673120,321,0.502,TGA
orf4645,-,2,1673193,324,0.512,TAA
orf4646,-,2,1673985,537,0.52,TAA
orf4647,-,1,1674661,1542,0.526,TGA
orf4648,-,2,1676748,327,0.55,TGA
orf4649,-,2,1677195,1533,0.498,TAA
orf4650,-,0,1679366,756,0.542,TAA
orf4651,-,1,1681861,1611,0.538,TAA
orf4652,-,2,1683693,915,0.526,TAA
orf4653,-,1,1685506,891,0.531,TGA
orf4654,-,2,1686393,327,0.526,TGA
orf4655,-,0,1687622,366,0.522,TAG
orf4656,-,2,1687872,1971,0.501,TGA
orf4657,-,1,1689868,855,0.523,TAA
orf4658,-,2,1690887,645,0.536,TAG
orf4659,-,2,1691541,624,0.537,TAA
orf4660,-,0,1692296,981,0.54,TGA
orf4661,-,2,1693035,405,0.514,TAA
orf4662,-,1,1693276,1023,0.536,TAA
orf4663,-,2,1694634,1458,0.519,TAA
orf4664,-,0,1695953,366,0.505,TAA
orf4665,-,2,1696638,1419,0.505,TAA
orf4666,-,1,1698067,708,0.541,TAA
orf4667,-,0,1698710,1101,0.528,TAA
orf4668,-,2,1700115,1644,0.496,TGA
orf4669,-,2,1702602,1092,0.511,TAA
orf4670,-,0,1703810,384,0.482,TAA
orf4671,-,2,1705005,1653,0.549,TAA
orf4672,-,1,1706809,1014,0.528,TAA
orf4673,-,1,1707907,852,0.536,TAA
orf4674,-,2,1708758,690,0.503,TAA
orf4675,-,0,1709093,348,0.534,TGA
orf4676,-,0,1714007,1014,0.504,TAA
orf4677,-,2,1716090,1188,0.476,TGA
orf4678,-,1,1718590,354,0.517,TAA
orf4679,-,2,1720524,651,0.519,TGA
orf4680,-,1,1721167,1797,0.534,TAA
orf4681,-,0,1723688,345,0.542,TAA
orf4682,-,0,1724165,366,0.563,TGA
orf4683,-,0,1725008,465,0.544,TGA
orf4684,-,0,1725848,1164,0.558,TGA
orf4685,-,0,1727069,972,0.548,TAA
orf4686,-,2,1728735,339,0.504,TAG
orf4687,-,1,1729603,609,0.548,TGA
orf4688,-,1,1730284,501,0.557,TGA
orf4689,-,0,1731068,453,0.545,TAG
orf4690,-,0,1732826,843,0.479,TAA
orf4691,-,2,1733718,360,0.456,TAA
orf4692,-,1,1737553,414,0.473,TAA
orf4693,-,1,1739488,2676,0.509,TAA
orf4694,-,0,1742750,303,0.512,TGA
orf4695,-,0,1744679,537,0.464,TAA
orf4696,-,1,1749664,330,0.473,TAA
orf4697,-,0,1750028,1461,0.517,TAA
orf4698,-,2,1751859,1134,0.422,TAG
orf4699,-,2,1753413,393,0.473,TGA
orf4700,-,1,1754692,399,0.489,TAA
orf4701,-,2,1755195,540,0.465,TAA
orf4702,-,0,1755764,744,0.495,TAA
orf4703,-,1,1757548,1131,0.463,TGA
orf4704,-,2,1758969,2472,0.496,TAA
orf4705,-,0,1760459,474,0.519,TGA
orf4706,-,1,1762594,408,0.397,TAA
orf4707,-,0,1763315,300,0.457,TAA
orf4708,-,1,1763878,408,0.451,TAA
orf4709,-,0,1764338,363,0.507,TAA
orf4710,-,2,1770051,390,0.577,TGA
orf4711,-,1,1772911,402,0.55,TAA
orf4712,-,0,1774103,351,0.479,TAA
orf4713,-,2,1777269,384,0.529,TAA
orf4714,-,0,1781009,387,0.576,TAA
orf4715,-,0,1782083,366,0.612,TGA
orf4716,-,1,1782445,369,0.558,TGA
orf4717,-,1,1782868,468,0.618,TGA
orf4718,-,0,1782959,303,0.64,TGA
orf4719,-,0,1783424,894,0.574,TGA
orf4720,-,1,1784137,318,0.591,TGA
orf4721,-,2,1784310,324,0.602,TGA
orf4722,-,1,1784794,408,0.596,TAG
orf4723,-,2,1785198,450,0.567,TGA
orf4724,-,0,1786223,387,0.548,TAG
orf4725,-,2,1786536,1023,0.58,TAA
orf4726,-,2,1787706,342,0.558,TAG
orf4727,-,2,1788165,405,0.598,TGA
orf4728,-,2,1788906,345,0.533,TGA
orf4729,-,2,1789767,774,0.576,TAA
orf4730,-,1,1790125,330,0.594,TGA
orf4731,-,1,1790620,306,0.572,TGA
orf4732,-,0,1791131,315,0.556,TGA
orf4733,-,0,1792451,381,0.543,TAA
orf4734,-,0,1793072,300,0.547,TAA
orf4735,-,2,1794558,402,0.57,TGA
orf4736,-,2,1796088,393,0.649,TAG
orf4737,-,1,1796782,327,0.505,TGA
orf4738,-,1,1799152,348,0.595,TGA
orf4739,-,2,1799619,735,0.618,TGA
orf4740,-,1,1801540,1326,0.42,TAA
orf4741,-,1,1803526,693,0.488,TAA
orf4742,-,0,1806572,348,0.546,TAA
orf4743,-,1,1807204,1539,0.585,TAA
orf4744,-,0,1808792,348,0.586,TAA
orf4745,-,1,1809136,381,0.517,TGA
orf4746,-,1,1809856,336,0.339,TAG
orf4747,-,2,1810845,648,0.412,TGA
orf4748,-,0,1815737,549,0.395,TAA
orf4749,-,0,1816289,501,0.431,TGA
orf4750,-,0,1817435,807,0.545,TAA
orf4751,-,1,1818241,1194,0.545,TGA
orf4752,-,2,1819446,1362,0.528,TAA
orf4753,-,2,1820808,1596,0.556,TAA
orf4754,-,0,1822403,1563,0.548,TAA
orf4755,-,2,1828473,591,0.511,TAA
orf4756,-,0,1829060,759,0.518,TGA
orf4757,-,0,1833476,321,0.551,TAA
orf4758,-,2,1839276,591,0.501,TAA
orf4759,-,0,1841240,300,0.503,TGA
orf4760,-,0,1841870,351,0.538,TAG
orf4761,-,1,1844302,750,0.493,TAA
orf4762,-,2,1845462,1986,0.484,TAA
orf4763,-,2,1847682,1935,0.528,TAA
orf4764,-,1,1849684,1128,0.51,TAA
orf4765,-,2,1850955,789,0.532,TAA
orf4766,-,0,1859186,387,0.501,TGA
orf4767,-,2,1859760,807,0.514,TAG
orf4768,-,1,1860568,993,0.503,TGA
orf4769,-,2,1861560,891,0.572,TAA
orf4770,-,1,1862437,966,0.512,TAG
orf4771,-,2,1863399,1644,0.543,TGA
orf4772,-,1,1865734,1386,0.532,TAA
orf4773,-,2,1867422,1419,0.529,TAG
orf4774,-,2,1870122,327,0.492,TGA
orf4775,-,2,1872213,366,0.579,TGA
orf4776,-,2,1872837,393,0.578,TAA
orf4777,-,1,1873327,402,0.57,TAA
orf4778,-,0,1874753,978,0.521,TAG
orf4779,-,0,1875881,369,0.496,TGA
orf4780,-,1,1882843,753,0.571,TAA
orf4781,-,2,1884288,432,0.523,TAA
orf4782,-,1,1884373,447,0.55,TAA
orf4783,-,2,1884882,495,0.554,TGA
orf4784,-,1,1890199,318,0.503,TAA
orf4785,-,2,1890777,999,0.452,TAA
orf4786,-,1,1896118,507,0.515,TAA
orf4787,-,2,1897683,729,0.549,TGA
orf4788,-,0,1898702,651,0.425,TAA
orf4789,-,1,1899361,624,0.489,TGA
orf4790,-,0,1899923,369,0.474,TAA
orf4791,-,1,1900291,933,0.487,TAA
orf4792,-,0,1901324,363,0.515,TAA
orf4793,-,1,1904248,1032,0.436,TAA
orf4794,-,0,1905830,951,0.504,TAA
orf4795,-,2,1906932,795,0.504,TGA
orf4796,-,0,1907879,516,0.531,TAA
orf4797,-,1,1908388,351,0.487,TGA
orf4798,-,2,1908405,693,0.489,TAA
orf4799,-,0,1909208,891,0.54,TGA
orf4800,-,1,1910095,327,0.541,TGA
orf4801,-,0,1910447,804,0.504,TAA
orf4802,-,0,1911281,1446,0.522,TAA
orf4803,-,1,1911301,315,0.521,TGA
orf4804,-,1,1912726,1326,0.554,TGA
orf4805,-,2,1916034,1293,0.471,TAA
orf4806,-,2,1918026,309,0.511,TAA
orf4807,-,1,1920484,936,0.493,TAA
orf4808,-,1,1921471,1236,0.439,TAG
orf4809,-,1,1923454,867,0.463,TAA
orf4810,-,0,1924256,2601,0.498,TAA
orf4811,-,1,1926958,324,0.389,TGA
orf4812,-,1,1929214,420,0.405,TAA
orf4813,-,2,1931106,501,0.553,TGA
orf4814,-,1,1933942,390,0.464,TGA
orf4815,-,2,1936107,990,0.318,TAA
orf4816,-,0,1937096,1392,0.353,TGA
orf4817,-,0,1941233,582,0.522,TAA
orf4818,-,2,1944567,384,0.529,TAA
orf4819,-,0,1948307,387,0.579,TAA
orf4820,-,0,1949381,366,0.612,TGA
orf4821,-,1,1949743,369,0.558,TGA
orf4822,-,1,1950166,468,0.618,TGA
orf4823,-,0,1950257,303,0.64,TGA
orf4824,-,0,1950722,894,0.574,TGA
orf4825,-,1,1951435,318,0.594,TGA
orf4826,-,2,1951608,324,0.605,TGA
orf4827,-,1,1952092,408,0.596,TAG
orf4828,-,2,1952496,450,0.567,TGA
orf4829,-,0,1953833,1023,0.569,TAA
orf4830,-,0,1955003,342,0.564,TAG
orf4831,-,0,1955462,405,0.595,TGA
orf4832,-,2,1957074,774,0.578,TAA
orf4833,-,1,1957312,450,0.589,TGA
orf4834,-,2,1957926,306,0.572,TGA
orf4835,-,1,1960378,372,0.554,TAA
orf4836,-,0,1960505,342,0.594,TGA
orf4837,-,1,1961482,336,0.634,TGA
orf4838,-,1,1962022,693,0.577,TAA
orf4839,-,2,1962039,645,0.578,TGA
orf4840,-,1,1962898,315,0.594,TGA
orf4841,-,2,1963536,987,0.534,TAA
orf4842,-,2,1965651,339,0.637,TAG
orf4843,-,1,1965889,657,0.609,TGA
orf4844,-,2,1967043,315,0.502,TGA
orf4845,-,1,1968652,348,0.592,TGA
orf4846,-,2,1969119,831,0.597,TGA
orf4847,-,2,1972707,435,0.487,TGA
orf4848,-,0,1973282,768,0.478,TAA
orf4849,-,2,1974024,372,0.441,TGA
orf4850,-,0,1974761,3525,0.536,TAA
orf4851,-,2,1978356,408,0.5,TAA
orf4852,-,1,1978822,423,0.47,TAA
orf4853,-,2,1979355,990,0.503,TAA
orf4854,-,0,1981319,444,0.547,TGA
orf4855,-,0,1982582,336,0.503,TAA
orf4856,-,1,1983076,318,0.45,TAA
orf4857,-,0,1987859,570,0.523,TAA
orf4858,-,0,1988963,327,0.578,TAA
orf4859,-,2,1998084,606,0.515,TAA
orf4860,-,0,2000222,567,0.557,TAG
orf4861,-,0,2002229,345,0.533,TGA
orf4862,-,1,2006119,456,0.507,TGA
orf4863,-,0,2006564,318,0.522,TGA
orf4864,-,1,2007220,1002,0.478,TGA
orf4865,-,1,2010973,438,0.534,TAA
orf4866,-,2,2011656,924,0.506,TGA
orf4867,-,0,2014889,372,0.489,TGA
orf4868,-,0,2015633,450,0.522,TAA
orf4869,-,0,2016977,981,0.48,TGA
orf4870,-,0,2020670,1266,0.53,TAA
orf4871,-,2,2022573,741,0.52,TAA
orf4872,-,2,2023371,333,0.489,TGA
orf4873,-,1,2027500,627,0.518,TAA
orf4874,-,2,2030613,318,0.544,TAG
orf4875,-,1,2031427,303,0.538,TAA
orf4876,-,1,2033644,450,0.52,TAA
orf4877,-,2,2034090,753,0.511,TGA
orf4878,-,1,2034787,372,0.535,TAA
orf4879,-,1,2036725,2103,0.516,TAA
orf4880,-,0,2040245,1545,0.517,TAA
orf4881,-,0,2043830,327,0.541,TGA
orf4882,-,0,2044949,774,0.53,TGA
orf4883,-,0,2046746,387,0.649,TGA
orf4884,-,0,2047673,792,0.621,TAA
orf4885,-,0,2048681,846,0.635,TAG
orf4886,-,0,2052518,444,0.509,TAA
orf4887,-,1,2054200,894,0.52,TGA
orf4888,-,1,2055172,681,0.527,TAA
orf4889,-,0,2055395,306,0.529,TGA
orf4890,-,2,2055849,696,0.559,TGA
orf4891,-,1,2056411,324,0.543,TAA
orf4892,-,0,2056544,1545,0.542,TAA
orf4893,-,1,2058085,3741,0.545,TGA
orf4894,-,1,2061907,1389,0.493,TAA
orf4895,-,2,2063601,1260,0.329,TAA
orf4896,-,0,2064923,669,0.345,TAA
orf4897,-,1,2065678,504,0.317,TGA
orf4898,-,1,2066350,1101,0.442,TAA
orf4899,-,1,2067709,882,0.506,TAA
orf4900,-,1,2068996,894,0.529,TAG
orf4901,-,1,2070235,1176,0.544,TGA
orf4902,-,1,2071846,915,0.551,TAA
orf4903,-,0,2072675,315,0.492,TAA
orf4904,-,0,2073026,324,0.506,TAA
orf4905,-,1,2073640,363,0.496,TAA
orf4906,-,0,2074070,1041,0.528,TAA
orf4907,-,2,2075214,1725,0.519,TAA
orf4908,-,2,2077887,333,0.517,TGA
orf4909,-,0,2078354,741,0.559,TAG
orf4910,-,2,2079273,987,0.543,TGA
orf4911,-,0,2080256,897,0.535,TGA
orf4912,-,1,2081149,615,0.545,TGA
orf4913,-,1,2082172,1551,0.506,TAA
orf4914,-,0,2083736,582,0.531,TAA
orf4915,-,1,2084575,954,0.498,TGA
orf4916,-,2,2085723,1266,0.51,TGA
orf4917,-,0,2085821,330,0.518,TGA
orf4918,-,2,2086989,1383,0.446,TAG
orf4919,-,1,2088748,1320,0.521,TAA
orf4920,-,0,2090198,1536,0.483,TAA
orf4921,-,1,2091889,1431,0.531,TGA
orf4922,-,1,2093650,2796,0.465,TAA
orf4923,-,2,2096490,2373,0.46,TAA
orf4924,-,1,2098900,1686,0.434,TAA
orf4925,-,2,2100876,1158,0.39,TAA
orf4926,-,2,2102085,1683,0.443,TAA
orf4927,-,1,2104171,762,0.392,TGA
orf4928,-,2,2105451,2280,0.5,TAA
orf4929,-,2,2108064,915,0.446,TAA
orf4930,-,0,2109038,504,0.446,TAA
orf4931,-,0,2109554,531,0.456,TAA
orf4932,-,2,2110098,2652,0.444,TAA
orf4933,-,0,2112791,720,0.46,TAA
orf4934,-,0,2113862,564,0.468,TAA
orf4935,-,2,2115399,981,0.477,TAA
orf4936,-,1,2116579,1401,0.53,TAA
orf4937,-,2,2117976,4032,0.493,TGA
orf4938,-,0,2122538,1593,0.521,TAG
orf4939,-,0,2124209,954,0.51,TAA
orf4940,-,1,2125642,363,0.526,TAA
orf4941,-,2,2125674,432,0.537,TAA
orf4942,-,1,2132029,915,0.482,TGA
orf4943,-,2,2133141,1113,0.521,TAA
orf4944,-,1,2134819,1419,0.488,TGA
orf4945,-,1,2136376,360,0.522,TGA
orf4946,-,2,2136735,915,0.513,TAA
orf4947,-,2,2137725,1413,0.522,TGA
orf4948,-,1,2139574,375,0.536,TGA
orf4949,-,0,2141606,474,0.504,TAA
orf4950,-,2,2142654,666,0.505,TAA
orf4951,-,2,2144649,921,0.499,TAA
orf4952,-,1,2146276,324,0.494,TGA
orf4953,-,2,2146971,396,0.518,TAA
orf4954,-,0,2148854,891,0.444,TAA
orf4955,-,1,2149999,393,0.461,TAA
orf4956,-,2,2150784,324,0.531,TGA
orf4957,-,0,2151230,2046,0.499,TAA
orf4958,-,1,2154388,378,0.519,TGA
orf4959,-,0,2155349,1461,0.5,TAA
orf4960,-,2,2156898,1284,0.47,TAA
orf4961,-,1,2158717,642,0.368,TAA
orf4962,-,1,2159440,630,0.4,TGA
orf4963,-,1,2160142,576,0.424,TGA
orf4964,-,2,2160831,390,0.505,TAG
orf4965,-,0,2161514,810,0.583,TAA
orf4966,-,1,2161612,345,0.588,TAG
orf4967,-,2,2162388,600,0.568,TGA
orf4968,-,1,2163055,3414,0.572,TGA
orf4969,-,1,2166775,678,0.609,TGA
orf4970,-,0,2167862,402,0.577,TGA
orf4971,-,2,2168103,699,0.578,TAA
orf4972,-,0,2168801,330,0.576,TGA
orf4973,-,1,2169127,2613,0.58,TGA
orf4974,-,0,2171720,414,0.563,TGA
orf4975,-,1,2172160,423,0.494,TGA
orf4976,-,0,2172596,753,0.551,TAA
orf4977,-,2,2173356,396,0.528,TGA
orf4978,-,0,2173748,534,0.521,TGA
orf4979,-,2,2174661,438,0.568,TAA
orf4980,-,0,2175101,1026,0.563,TAA
orf4981,-,2,2176182,339,0.59,TAA
orf4982,-,2,2176524,1281,0.609,TAA
orf4983,-,1,2177824,1602,0.584,TAA
orf4984,-,2,2179017,348,0.578,TGA
orf4985,-,0,2179625,1746,0.539,TGA
orf4986,-,2,2181525,546,0.504,TGA
orf4987,-,0,2182763,315,0.492,TAA
orf4988,-,2,2183541,459,0.527,TGA
orf4989,-,1,2184157,570,0.465,TGA
orf4990,-,1,2184997,534,0.549,TAA
orf4991,-,2,2185581,345,0.472,TGA
orf4992,-,0,2186627,1809,0.558,TGA
orf4993,-,0,2188913,432,0.512,TGA
orf4994,-,0,2189795,714,0.438,TGA
orf4995,-,0,2190644,321,0.486,TGA
orf4996,-,1,2191066,555,0.452,TGA
orf4997,-,2,2191683,306,0.52,TAG
orf4998,-,2,2192001,1083,0.541,TAA
orf4999,-,0,2193446,345,0.438,TAA
orf5000,-,2,2194356,558,0.502,TGA
orf5001,-,1,2196103,717,0.551,TGA
orf5002,-,1,2196853,663,0.569,TGA
orf5003,-,0,2197307,1044,0.54,TGA
orf5004,-,1,2198419,498,0.522,TGA
orf5005,-,0,2204276,891,0.54,TGA
orf5006,-,1,2205163,327,0.541,TGA
orf5007,-,2,2205696,777,0.55,TGA
orf5008,-,0,2208932,423,0.522,TGA
orf5009,-,1,2209504,651,0.352,TAA
orf5010,-,2,2210865,531,0.429,TGA
orf5011,-,0,2211554,390,0.508,TAG
orf5012,-,2,2211825,1224,0.596,TGA
orf5013,-,0,2212337,345,0.588,TAG
orf5014,-,1,2213113,600,0.568,TGA
orf5015,-,1,2213998,2205,0.568,TGA
orf5016,-,2,2216079,1356,0.566,TGA
orf5017,-,0,2217596,681,0.602,TAA
orf5018,-,1,2218174,915,0.568,TGA
orf5019,-,0,2218928,699,0.575,TAA
orf5020,-,1,2219626,300,0.563,TGA
orf5021,-,0,2219960,3243,0.573,TGA
orf5022,-,2,2223555,423,0.582,TAG
orf5023,-,0,2223944,717,0.544,TAA
orf5024,-,1,2224726,345,0.6,TGA
orf5025,-,2,2225067,447,0.584,TGA
orf5026,-,0,2225510,351,0.593,TGA
orf5027,-,0,2225870,327,0.563,TGA
orf5028,-,1,2226199,2580,0.564,TGA
orf5029,-,0,2228990,1683,0.598,TGA
orf5030,-,0,2230991,1662,0.578,TAA
orf5031,-,1,2232649,525,0.552,TGA
orf5032,-,1,2233396,339,0.56,TAA
orf5033,-,0,2233502,366,0.568,TGA
orf5034,-,2,2233710,357,0.51,TAG
orf5035,-,2,2234499,468,0.558,TAA
orf5036,-,2,2235120,570,0.463,TGA
orf5037,-,2,2235960,534,0.554,TAA
orf5038,-,0,2236544,345,0.478,TGA
orf5039,-,1,2237548,1851,0.556,TAA
orf5040,-,0,2240945,690,0.458,TGA
orf5041,-,1,2241631,360,0.517,TGA
orf5042,-,1,2242003,978,0.54,TAA
orf5043,-,1,2244121,585,0.462,TGA
orf5044,-,2,2244762,396,0.497,TGA
orf5045,-,2,2245173,516,0.543,TGA
orf5046,-,2,2245968,741,0.544,TGA
orf5047,-,2,2246715,963,0.522,TGA
orf5048,-,1,2247700,426,0.526,TAA
orf5049,-,2,2248122,303,0.465,TGA
orf5050,-,1,2250697,606,0.429,TAA
orf5051,-,2,2251305,591,0.486,TAA
orf5052,-,0,2251529,351,0.479,TAA
orf5053,-,2,2252808,390,0.508,TGA
orf5054,-,1,2255149,327,0.517,TAG
orf5055,-,2,2256549,747,0.438,TAA
orf5056,-,1,2260009,378,0.505,TGA
orf5057,-,2,2262696,621,0.531,TGA
orf5058,-,0,2264417,348,0.557,TGA
orf5059,-,0,2266325,696,0.52,TAA
orf5060,-,2,2267145,1062,0.523,TAA
orf5061,-,0,2268500,894,0.526,TGA
orf5062,-,2,2272620,330,0.518,TGA
orf5063,-,1,2272936,366,0.418,TGA
orf5064,-,1,2274772,1389,0.53,TAA
orf5065,-,0,2276171,1548,0.525,TAA
orf5066,-,2,2280396,351,0.507,TGA
orf5067,-,1,2281495,336,0.473,TAA
orf5068,-,0,2281889,333,0.459,TAA
orf5069,-,0,2284985,1404,0.542,TAA
orf5070,-,2,2286531,1647,0.514,TAA
orf5071,-,0,2287703,309,0.54,TGA
orf5072,-,0,2291441,1029,0.466,TGA
orf5073,-,1,2292508,1374,0.52,TAA
orf5074,-,2,2293878,882,0.529,TGA
orf5075,-,0,2294978,714,0.518,TGA
orf5076,-,0,2296082,591,0.508,TGA
orf5077,-,0,2296901,453,0.464,TAA
orf5078,-,0,2297780,1029,0.546,TAA
orf5079,-,1,2298928,309,0.489,TAA
orf5080,-,0,2299064,417,0.528,TAA
orf5081,-,1,2299294,309,0.54,TAA
orf5082,-,2,2302362,306,0.546,TAA
orf5083,-,0,2302898,1056,0.531,TGA
orf5084,-,0,2307569,1335,0.562,TAG
orf5085,-,1,2310838,468,0.511,TGA
orf5086,-,2,2314752,864,0.522,TGA
orf5087,-,1,2315674,1287,0.517,TAA
orf5088,-,2,2317077,657,0.513,TGA
orf5089,-,1,2317792,330,0.458,TGA
orf5090,-,0,2318219,1110,0.55,TGA
orf5091,-,0,2320115,441,0.476,TGA
orf5092,-,2,2321016,303,0.508,TGA
orf5093,-,1,2323039,333,0.468,TAG
orf5094,-,0,2323859,573,0.522,TAA
orf5095,-,1,2324569,789,0.537,TGA
orf5096,-,2,2324646,309,0.537,TAA
orf5097,-,1,2325406,378,0.487,TGA
orf5098,-,0,2328446,312,0.58,TGA
orf5099,-,1,2331430,321,0.555,TAG
orf5100,-,0,2332808,330,0.558,TAG
orf5101,-,1,2333479,348,0.526,TAA
orf5102,-,1,2335831,1170,0.536,TAA
orf5103,-,0,2337746,774,0.531,TAG
orf5104,-,1,2338576,933,0.539,TAA
orf5105,-,1,2341615,441,0.481,TAA
orf5106,-,1,2342311,642,0.478,TGA
orf5107,-,0,2343389,324,0.525,TAA
orf5108,-,2,2344581,1257,0.516,TAA
orf5109,-,2,2348457,813,0.531,TGA
orf5110,-,2,2349273,786,0.499,TAA
orf5111,-,0,2350055,720,0.501,TGA
orf5112,-,0,2350787,648,0.52,TGA
orf5113,-,0,2351438,2187,0.477,TAA
orf5114,-,1,2353561,627,0.491,TGA
orf5115,-,1,2355466,1164,0.504,TAA
orf5116,-,2,2355672,924,0.505,TGA
orf5117,-,1,2357431,1005,0.526,TAG
orf5118,-,0,2358584,417,0.492,TAA
orf5119,-,0,2359013,1221,0.549,TAA
orf5120,-,1,2360230,1272,0.532,TGA
orf5121,-,0,2361476,747,0.501,TAA
orf5122,-,0,2362232,1527,0.519,TAA
orf5123,-,1,2363728,369,0.537,TAG
orf5124,-,2,2364933,411,0.516,TGA
orf5125,-,1,2365294,624,0.526,TGA
orf5126,-,0,2365340,3057,0.536,TGA
orf5127,-,0,2368877,324,0.528,TGA
orf5128,-,1,2374057,396,0.467,TGA
orf5129,-,0,2375672,336,0.473,TAA
orf5130,-,1,2376064,303,0.518,TGA
orf5131,-,2,2377299,534,0.511,TGA
orf5132,-,2,2378103,912,0.42,TAA
orf5133,-,2,2379663,411,0.518,TAA
orf5134,-,1,2380885,357,0.541,TAG
orf5135,-,0,2381579,366,0.533,TAA
orf5136,-,0,2384447,2379,0.546,TAA
orf5137,-,2,2388009,306,0.51,TAA
orf5138,-,2,2389521,1437,0.52,TAA
orf5139,-,0,2391020,714,0.423,TAA
orf5140,-,0,2391980,465,0.495,TAG
orf5141,-,1,2392522,750,0.549,TGA
orf5142,-,2,2393271,552,0.491,TAA
orf5143,-,0,2393885,981,0.551,TAG
orf5144,-,2,2394966,300,0.5,TAA
orf5145,-,1,2395270,2388,0.54,TGA
orf5146,-,2,2397672,996,0.539,TAA
orf5147,-,0,2399105,357,0.485,TAA
orf5148,-,2,2399808,342,0.462,TAA
orf5149,-,2,2400354,1929,0.5,TAA
orf5150,-,1,2405038,759,0.493,TAA
orf5151,-,1,2406148,651,0.55,TAA
orf5152,-,0,2406596,426,0.521,TAA
orf5153,-,1,2408410,537,0.438,TAA
orf5154,-,0,2411672,327,0.59,TGA
orf5155,-,0,2412089,768,0.345,TAA
orf5156,-,1,2414038,366,0.495,TGA
orf5157,-,1,2414506,420,0.502,TAG
orf5158,-,2,2415120,315,0.502,TGA
orf5159,-,0,2415887,759,0.502,TAA
orf5160,-,1,2415973,438,0.5,TAA
orf5161,-,0,2416658,1410,0.47,TAA
orf5162,-,0,2418116,843,0.414,TAA
orf5163,-,2,2418966,351,0.49,TAA
orf5164,-,0,2419367,1359,0.491,TAA
orf5165,-,0,2420810,321,0.439,TAA
orf5166,-,1,2421430,339,0.493,TAA
orf5167,-,2,2423874,576,0.512,TAA
orf5168,-,1,2424652,486,0.506,TAA
orf5169,-,0,2425466,969,0.54,TAA
orf5170,-,2,2426427,1344,0.551,TAA
orf5171,-,0,2427767,1536,0.584,TGA
orf5172,-,1,2427823,306,0.565,TAA
orf5173,-,1,2429242,1035,0.557,TGA
orf5174,-,2,2430273,1221,0.541,TGA
orf5175,-,1,2431915,627,0.525,TAA
orf5176,-,2,2433678,315,0.489,TAA
orf5177,-,0,2439608,432,0.565,TAG
orf5178,-,1,2443342,1041,0.41,TAA
orf5179,-,0,2444510,1962,0.552,TAA
orf5180,-,2,2446476,1050,0.553,TAA
orf5181,-,0,2447636,552,0.563,TGA
orf5182,-,2,2449140,561,0.528,TAA
orf5183,-,2,2452923,1161,0.457,TAA
orf5184,-,0,2455712,723,0.422,TAA
orf5185,-,2,2456607,981,0.479,TAA
orf5186,-,2,2457597,954,0.452,TAA
orf5187,-,1,2458534,837,0.456,TAA
orf5188,-,2,2459391,1044,0.466,TAA
orf5189,-,1,2460451,1380,0.492,TAA
orf5190,-,2,2461857,1077,0.5,TAA
orf5191,-,0,2463617,414,0.481,TGA
orf5192,-,2,2464560,318,0.487,TGA
orf5193,-,0,2466386,855,0.511,TGA
orf5194,-,1,2467330,453,0.543,TGA
orf5195,-,2,2473086,306,0.451,TGA
orf5196,-,1,2473621,306,0.49,TAG
orf5197,-,2,2476359,822,0.5,TAA
orf5198,-,2,2481192,360,0.489,TGA
orf5199,-,1,2481724,522,0.444,TGA
orf5200,-,1,2482489,924,0.525,TGA
orf5201,-,1,2483593,381,0.556,TAA
orf5202,-,1,2484097,384,0.557,TAA
orf5203,-,1,2485327,384,0.51,TGA
orf5204,-,2,2486520,345,0.501,TAG
orf5205,-,2,2488692,1116,0.545,TAA
orf5206,-,2,2489889,1752,0.513,TGA
orf5207,-,2,2491779,582,0.543,TAA
orf5208,-,2,2492400,696,0.55,TGA
orf5209,-,2,2493153,1833,0.554,TAA
orf5210,-,0,2495096,363,0.518,TGA
orf5211,-,2,2498913,480,0.521,TGA
orf5212,-,1,2501857,1557,0.541,TAA
orf5213,-,0,2506229,306,0.493,TAA
orf5214,-,0,2508080,810,0.51,TAA
orf5215,-,0,2511137,792,0.496,TGA
orf5216,-,1,2513524,882,0.533,TAA
orf5217,-,2,2514597,2049,0.499,TAA
orf5218,-,1,2516665,699,0.532,TGA
orf5219,-,1,2517460,552,0.482,TAA
orf5220,-,2,2524143,657,0.481,TAA
orf5221,-,0,2525195,342,0.474,TAA
orf5222,-,0,2525549,873,0.53,TGA
orf5223,-,0,2526425,375,0.501,TAA
orf5224,-,0,2528609,2061,0.499,TAG
orf5225,-,1,2530087,342,0.5,TGA
orf5226,-,2,2530878,660,0.524,TAA
orf5227,-,0,2531864,369,0.491,TAA
orf5228,-,1,2533945,642,0.564,TAA
orf5229,-,1,2534623,1812,0.535,TAA
orf5230,-,1,2536669,1476,0.517,TAA
orf5231,-,1,2541052,972,0.514,TAA
orf5232,-,2,2542143,1260,0.527,TAA
orf5233,-,2,2543481,987,0.479,TAA
orf5234,-,1,2546275,1011,0.526,TAA
orf5235,-,2,2547294,525,0.541,TGA
orf5236,-,0,2548784,522,0.559,TAA
orf5237,-,2,2549340,741,0.52,TGA
orf5238,-,1,2550109,510,0.518,TGA
orf5239,-,1,2550679,1773,0.541,TGA
orf5240,-,2,2555412,336,0.518,TGA
orf5241,-,2,2556507,2430,0.516,TAA
orf5242,-,2,2558961,1101,0.477,TGA
orf5243,-,2,2560449,747,0.523,TGA
orf5244,-,1,2561209,567,0.503,TAA
orf5245,-,2,2562162,1380,0.531,TAA
orf5246,-,1,2564509,396,0.533,TGA
orf5247,-,2,2564901,2079,0.545,TGA
orf5248,-,1,2566972,975,0.543,TAA
orf5249,-,1,2568322,645,0.535,TGA
orf5250,-,0,2568977,390,0.497,TGA
orf5251,-,1,2569381,1050,0.54,TAA
orf5252,-,2,2570433,861,0.54,TAA
orf5253,-,2,2571312,1602,0.537,TGA
orf5254,-,2,2572959,1662,0.524,TGA
orf5255,-,1,2574763,504,0.516,TAA
orf5256,-,2,2575287,1959,0.53,TGA
orf5257,-,1,2577256,927,0.531,TGA
orf5258,-,2,2578179,831,0.519,TGA
orf5259,-,2,2579193,579,0.492,TAA
orf5260,-,0,2579774,351,0.467,TGA
orf5261,-,1,2581339,1431,0.491,TAG
orf5262,-,0,2582738,858,0.507,TAA
orf5263,-,2,2583705,573,0.501,TGA
orf5264,-,0,2584706,1560,0.521,TGA
orf5265,-,0,2586290,1041,0.512,TAA
orf5266,-,0,2588150,336,0.473,TGA
orf5267,-,2,2592105,666,0.532,TAA
orf5268,-,0,2593127,1002,0.446,TAA
orf5269,-,1,2594134,348,0.353,TAA
orf5270,-,2,2594511,651,0.412,TAA
orf5271,-,2,2595177,405,0.44,TGA
orf5272,-,2,2598864,450,0.509,TGA
orf5273,-,1,2599975,306,0.565,TGA
orf5274,-,0,2601416,393,0.575,TGA
orf5275,-,1,2602561,468,0.545,TGA
orf5276,-,2,2603598,690,0.541,TAG
orf5277,-,0,2604287,327,0.532,TAA
orf5278,-,0,2605244,558,0.341,TAG
orf5279,-,0,2605973,495,0.499,TGA
orf5280,-,1,2606458,666,0.553,TGA
orf5281,-,0,2606474,804,0.544,TGA
orf5282,-,1,2607187,2100,0.56,TGA
orf5283,-,1,2609428,366,0.486,TGA
orf5284,-,1,2609848,513,0.538,TGA
orf5285,-,2,2610360,1185,0.532,TGA
orf5286,-,0,2610611,309,0.534,TGA
orf5287,-,0,2611976,1032,0.463,TGA
orf5288,-,0,2613266,393,0.394,TAA
orf5289,-,2,2614539,549,0.523,TGA
orf5290,-,0,2615144,1767,0.518,TGA
orf5291,-,1,2616973,501,0.491,TGA
orf5292,-,1,2618380,723,0.472,TGA
orf5293,-,0,2619332,753,0.541,TAA
orf5294,-,1,2620081,669,0.522,TGA
orf5295,-,2,2620764,360,0.528,TAG
orf5296,-,0,2621249,597,0.516,TAG
orf5297,-,1,2621854,801,0.496,TAA
orf5298,-,1,2622742,588,0.469,TAA
orf5299,-,1,2623339,690,0.539,TAA
orf5300,-,0,2624378,1758,0.486,TAA
orf5301,-,1,2629126,441,0.449,TGA
orf5302,-,1,2630197,417,0.564,TAA
orf5303,-,2,2632473,348,0.503,TAG
orf5304,-,1,2633737,1140,0.352,TAA
orf5305,-,2,2635695,1140,0.354,TAA
orf5306,-,2,2637183,321,0.53,TAG
orf5307,-,0,2639516,933,0.558,TAG
orf5308,-,2,2640048,588,0.566,TGA
orf5309,-,1,2642011,729,0.564,TAA
orf5310,-,0,2642750,444,0.541,TAA
orf5311,-,2,2644614,336,0.527,TAA
orf5312,-,2,2647230,594,0.513,TAG
orf5313,-,0,2649020,315,0.46,TGA
orf5314,-,0,2650124,309,0.469,TAA
orf5315,-,1,2650639,324,0.556,TAA
orf5316,-,0,2650868,1677,0.516,TAA
orf5317,-,1,2652994,918,0.534,TAA
orf5318,-,0,2654993,471,0.563,TGA
orf5319,-,2,2655444,1419,0.522,TAA
orf5320,-,2,2656929,696,0.549,TGA
orf5321,-,2,2660436,402,0.468,TGA
orf5322,-,0,2661332,1359,0.4,TAA
orf5323,-,1,2662690,783,0.432,TAA
orf5324,-,0,2670689,324,0.503,TAA
orf5325,-,2,2670960,1314,0.603,TGA
orf5326,-,0,2671562,345,0.588,TAG
orf5327,-,1,2672338,600,0.567,TGA
orf5328,-,0,2673005,2427,0.565,TGA
orf5329,-,1,2675308,1110,0.594,TGA
orf5330,-,1,2676724,678,0.609,TGA
orf5331,-,2,2677299,915,0.584,TGA
orf5332,-,1,2678053,699,0.585,TAA
orf5333,-,2,2678751,330,0.573,TGA
orf5334,-,0,2679077,675,0.604,TGA
orf5335,-,1,2679793,1863,0.585,TGA
orf5336,-,0,2681636,414,0.563,TGA
orf5337,-,1,2682076,504,0.54,TGA
orf5338,-,0,2682521,606,0.543,TAA
orf5339,-,1,2683567,348,0.56,TAA
orf5340,-,1,2683951,1404,0.608,TGA
orf5341,-,0,2685446,1593,0.567,TAA
orf5342,-,1,2685655,348,0.56,TGA
orf5343,-,1,2686531,303,0.545,TGA
orf5344,-,0,2687225,1929,0.529,TGA
orf5345,-,1,2690335,315,0.486,TAA
orf5346,-,2,2691114,468,0.528,TGA
orf5347,-,2,2692071,534,0.549,TAA
orf5348,-,0,2692655,345,0.481,TGA
orf5349,-,2,2694825,1851,0.558,TAA
orf5350,-,2,2698215,690,0.458,TGA
orf5351,-,0,2698901,360,0.536,TGA
orf5352,-,0,2699273,978,0.535,TAA
orf5353,-,2,2701383,564,0.479,TGA
orf5354,-,2,2702073,312,0.433,TAA
orf5355,-,1,2702566,357,0.499,TGA
orf5356,-,2,2703165,765,0.518,TAA
orf5357,-,1,2703898,663,0.578,TGA
orf5358,-,0,2704352,1038,0.542,TGA
orf5359,-,1,2705458,426,0.533,TGA
orf5360,-,0,2708390,351,0.467,TAA
orf5361,-,2,2708640,405,0.504,TAG
orf5362,-,2,2709669,354,0.514,TGA
orf5363,-,1,2716306,360,0.506,TGA
orf5364,-,0,2716739,423,0.534,TGA
orf5365,-,2,2717436,336,0.539,TAA
orf5366,-,0,2719349,312,0.5,TAA
orf5367,-,2,2721750,1053,0.389,TGA
orf5368,-,1,2724007,444,0.48,TAA
orf5369,-,1,2728021,1140,0.487,TAG
orf5370,-,1,2729434,879,0.481,TAG
orf5371,-,2,2730486,918,0.49,TAA
orf5372,-,2,2731860,936,0.498,TAA
orf5373,-,1,2732857,1080,0.523,TAA
orf5374,-,2,2733948,780,0.527,TAA
orf5375,-,0,2734688,546,0.505,TGA
orf5376,-,2,2739381,309,0.466,TAA
orf5377,-,0,2747393,843,0.567,TAA
orf5378,-,0,2748326,408,0.556,TGA
orf5379,-,1,2748718,531,0.576,TAA
orf5380,-,2,2751537,396,0.465,TAA
orf5381,-,2,2752038,906,0.501,TAA
orf5382,-,2,2753295,474,0.47,TAA
orf5383,-,1,2753887,1044,0.499,TGA
orf5384,-,2,2756973,1059,0.512,TAA
orf5385,-,1,2758210,1365,0.527,TAA
orf5386,-,2,2759835,951,0.508,TAA
orf5387,-,2,2760810,825,0.52,TAA
orf5388,-,0,2766830,303,0.554,TAA
orf5389,-,0,2769386,1014,0.461,TAA
orf5390,-,2,2770509,1167,0.434,TAA
orf5391,-,0,2771924,1407,0.507,TAA
orf5392,-,1,2773531,666,0.368,TAA
orf5393,-,2,2775459,1371,0.541,TGA
orf5394,-,2,2776833,1449,0.376,TAA
orf5395,-,0,2778263,510,0.38,TAA
orf5396,-,1,2778775,972,0.386,TAA
orf5397,-,2,2779743,1119,0.394,TGA
orf5398,-,1,2780881,1215,0.314,TAA
orf5399,-,1,2782120,1101,0.348,TAG
orf5400,-,2,2783217,1392,0.313,TGA
orf5401,-,1,2784595,747,0.3,TAA
orf5402,-,0,2785310,528,0.312,TAA
orf5403,-,1,2786491,783,0.303,TGA
orf5404,-,1,2787592,894,0.507,TAA
orf5405,-,2,2788728,996,0.455,TAA
orf5406,-,1,2789881,1395,0.472,TAG
orf5407,-,0,2791286,1221,0.545,TAG
orf5408,-,1,2792503,1281,0.541,TGA
orf5409,-,2,2792850,327,0.569,TAG
orf5410,-,2,2793963,1479,0.542,TGA
orf5411,-,1,2795443,1395,0.541,TGA
orf5412,-,1,2796892,1371,0.55,TAA
orf5413,-,1,2798455,1437,0.557,TAA
orf5414,-,2,2799894,1224,0.554,TAA
orf5415,-,0,2801114,483,0.557,TGA
orf5416,-,1,2801596,966,0.565,TAA
orf5417,-,2,2802564,1122,0.544,TAA
orf5418,-,1,2803714,549,0.483,TAA
orf5419,-,1,2804278,747,0.456,TGA
orf5420,-,0,2805035,1218,0.425,TAA
orf5421,-,2,2806227,1218,0.542,TAG
orf5422,-,0,2807441,489,0.538,TGA
orf5423,-,1,2807932,840,0.512,TAA
orf5424,-,2,2808864,2163,0.528,TAA
orf5425,-,0,2811029,444,0.545,TAA
orf5426,-,1,2811478,1140,0.535,TAA
orf5427,-,0,2813843,432,0.532,TAA
orf5428,-,2,2815605,1854,0.526,TAA
orf5429,-,2,2817480,582,0.6,TAA
orf5430,-,1,2818153,642,0.488,TAA
orf5431,-,2,2819652,411,0.538,TAG
orf5432,-,1,2820385,336,0.533,TGA
orf5433,-,0,2821124,543,0.554,TGA
orf5434,-,2,2822532,849,0.551,TGA
orf5435,-,1,2824879,1941,0.517,TGA
orf5436,-,2,2826816,681,0.493,TGA
orf5437,-,1,2827528,315,0.533,TAG
orf5438,-,0,2827574,660,0.523,TGA
orf5439,-,0,2829827,318,0.566,TAA
orf5440,-,2,2834559,489,0.556,TAG
orf5441,-,2,2836437,339,0.584,TAA
orf5442,-,2,2841060,1068,0.541,TGA
orf5443,-,0,2842793,378,0.386,TGA
orf5444,-,0,2844497,780,0.467,TAG
orf5445,-,0,2845376,1041,0.485,TGA
orf5446,-,1,2846464,1356,0.512,TAA
orf5447,-,1,2848138,453,0.422,TAA
orf5448,-,1,2848600,1263,0.491,TAA
orf5449,-,0,2849891,903,0.519,TAA
orf5450,-,2,2851044,1125,0.512,TGA
orf5451,-,0,2853782,372,0.546,TAA
orf5452,-,0,2855567,747,0.51,TAG
orf5453,-,0,2856365,828,0.483,TAA
orf5454,-,2,2857248,801,0.551,TGA
orf5455,-,0,2857643,309,0.505,TAA
orf5456,-,0,2858045,789,0.545,TGA
orf5457,-,1,2863108,1035,0.38,TAA
orf5458,-,0,2864153,2481,0.448,TGA
orf5459,-,0,2866649,723,0.394,TAA
orf5460,-,0,2867411,543,0.387,TAA
orf5461,-,0,2868788,1140,0.535,TAA
orf5462,-,1,2870086,993,0.522,TGA
orf5463,-,0,2874713,336,0.509,TAG
orf5464,-,2,2877666,354,0.537,TGA
orf5465,-,0,2884286,306,0.52,TGA
orf5466,-,0,2884838,402,0.56,TAG
orf5467,-,1,2888107,438,0.527,TGA
orf5468,-,0,2890817,891,0.54,TGA
orf5469,-,1,2891704,327,0.538,TGA
orf5470,-,2,2892717,471,0.493,TAA
orf5471,-,1,2893234,735,0.499,TAA
orf5472,-,2,2893950,1686,0.509,TGA
orf5473,-,0,2896766,390,0.526,TAA
orf5474,-,2,2897037,1314,0.6,TGA
orf5475,-,0,2897639,345,0.58,TAG
orf5476,-,1,2898415,600,0.553,TGA
orf5477,-,0,2899082,2421,0.561,TGA
orf5478,-,1,2901379,1110,0.594,TGA
orf5479,-,1,2902795,678,0.609,TGA
orf5480,-,2,2903370,915,0.584,TGA
orf5481,-,1,2904124,699,0.585,TAA
orf5482,-,2,2904822,330,0.573,TGA
orf5483,-,0,2905148,2646,0.578,TGA
orf5484,-,2,2907837,309,0.576,TGA
orf5485,-,0,2908172,423,0.499,TGA
orf5486,-,2,2908608,753,0.552,TAA
orf5487,-,1,2909368,399,0.499,TGA
orf5488,-,1,2909779,630,0.576,TGA
orf5489,-,1,2910679,327,0.581,TGA
orf5490,-,1,2911093,1017,0.563,TGA
orf5491,-,2,2913471,1056,0.525,TGA
orf5492,-,1,2914375,1503,0.549,TAA
orf5493,-,0,2916086,2013,0.573,TGA
orf5494,-,1,2918206,477,0.488,TGA
orf5495,-,0,2919137,468,0.558,TAA
orf5496,-,0,2919758,570,0.463,TGA
orf5497,-,0,2920598,534,0.541,TAA
orf5498,-,0,2922032,1947,0.556,TGA
orf5499,-,0,2924768,948,0.415,TGA
orf5500,-,1,2926222,435,0.52,TAA
orf5501,-,1,2926840,606,0.487,TGA
orf5502,-,2,2927607,408,0.414,TAG
orf5503,-,1,2928184,528,0.511,TGA
orf5504,-,2,2928708,546,0.542,TGA
orf5505,-,1,2929111,372,0.495,TAA
orf5506,-,0,2930342,702,0.538,TGA
orf5507,-,1,2931040,939,0.482,TGA
orf5508,-,0,2935160,582,0.399,TAA
orf5509,-,1,2937058,477,0.532,TGA
orf5510,-,2,2943036,369,0.442,TAA
orf5511,-,0,2944616,732,0.567,TAA
orf5512,-,2,2945352,927,0.552,TAA
orf5513,-,1,2946271,1008,0.573,TGA
orf5514,-,1,2947435,918,0.532,TAA
orf5515,-,2,2948604,2370,0.538,TAA
orf5516,-,1,2952850,942,0.51,TAA
orf5517,-,2,2953956,612,0.531,TAG
orf5518,-,1,2954923,375,0.52,TAA
orf5519,-,1,2955421,762,0.546,TAG
orf5520,-,0,2956235,1518,0.543,TGA
orf5521,-,2,2958015,324,0.58,TAG
orf5522,-,2,2958366,951,0.539,TAA
orf5523,-,2,2959476,1194,0.585,TAA
orf5524,-,0,2960684,648,0.542,TGA
orf5525,-,1,2961337,702,0.551,TGA
orf5526,-,0,2961980,408,0.539,TGA
orf5527,-,2,2962053,1029,0.556,TAA
orf5528,-,0,2963093,1359,0.57,TAA
orf5529,-,2,2969481,300,0.527,TAA
orf5530,-,2,2970261,741,0.513,TAA
orf5531,-,0,2971736,1011,0.505,TGA
orf5532,-,0,2972762,1521,0.452,TAA
orf5533,-,0,2974343,999,0.505,TAA
orf5534,-,1,2975620,1041,0.522,TAA
orf5535,-,1,2976802,1275,0.535,TAA
orf5536,-,0,2977976,669,0.508,TGA
orf5537,-,0,2979770,1980,0.526,TGA
orf5538,-,0,2982041,1470,0.534,TAA
orf5539,-,0,2983715,882,0.536,TAA
orf5540,-,1,2984935,408,0.532,TAA
orf5541,-,0,2985779,378,0.524,TAA
orf5542,-,0,2987822,1251,0.508,TAG
orf5543,-,0,2989172,942,0.518,TAA
orf5544,-,2,2991012,1251,0.511,TAA
orf5545,-,2,2992356,939,0.491,TAA
orf5546,-,0,2993282,942,0.471,TAA
orf5547,-,0,2994647,1692,0.559,TAA
orf5548,-,2,2996355,939,0.536,TGA
orf5549,-,0,2997293,1131,0.56,TAA
orf5550,-,0,2998676,303,0.505,TGA
orf5551,-,0,2999279,318,0.531,TAA
orf5552,-,0,2999969,387,0.53,TAA
orf5553,-,1,3004270,303,0.399,TAA
orf5554,-,0,3013499,1134,0.535,TGA
orf5555,-,0,3014717,696,0.53,TAA
orf5556,-,1,3017431,414,0.476,TAA
orf5557,-,1,3017869,1008,0.525,TAA
orf5558,-,2,3020382,327,0.538,TGA
orf5559,-,0,3021317,2592,0.485,TGA
orf5560,-,1,3024910,1053,0.538,TAA
orf5561,-,2,3025959,558,0.545,TGA
orf5562,-,0,3026513,1944,0.572,TGA
orf5563,-,1,3028453,480,0.54,TGA
orf5564,-,0,3029135,738,0.554,TGA
orf5565,-,1,3029914,663,0.555,TAA
orf5566,-,2,3030573,618,0.552,TGA
orf5567,-,2,3031209,603,0.516,TAA
orf5568,-,2,3031821,471,0.558,TAA
orf5569,-,0,3032267,864,0.56,TGA
orf5570,-,2,3033117,696,0.592,TAA
orf5571,-,2,3033819,2487,0.563,TAA
orf5572,-,0,3036581,336,0.551,TAA
orf5573,-,1,3037636,459,0.534,TAA
orf5574,-,2,3038094,1647,0.538,TAA
orf5575,-,1,3039958,1644,0.533,TAA
orf5576,-,1,3041677,651,0.525,TAA
orf5577,-,2,3042327,1065,0.569,TAA
orf5578,-,1,3043465,1056,0.532,TAA
orf5579,-,1,3044632,1104,0.506,TAA
orf5580,-,2,3050013,2802,0.51,TAG
orf5581,-,1,3053137,777,0.524,TGA
orf5582,-,2,3053388,306,0.549,TGA
orf5583,-,0,3053918,615,0.548,TAA
orf5584,-,0,3055568,4620,0.537,TAA
orf5585,-,1,3060106,624,0.516,TAG
orf5586,-,2,3060726,1257,0.519,TGA
orf5587,-,2,3062562,2628,0.541,TAA
orf5588,-,1,3066199,3753,0.513,TAA
orf5589,-,2,3070557,1878,0.531,TAG
orf5590,-,1,3073501,402,0.505,TGA
orf5591,-,0,3074597,651,0.499,TAA
orf5592,-,1,3075328,1191,0.497,TAA
orf5593,-,1,3079306,1077,0.458,TAA
orf5594,-,0,3080387,1359,0.532,TAA
orf5595,-,1,3082039,708,0.576,TGA
orf5596,-,1,3083392,333,0.58,TAA
orf5597,-,1,3084085,318,0.541,TGA
orf5598,-,0,3087242,714,0.549,TGA
orf5599,-,2,3088062,759,0.54,TAA
orf5600,-,0,3090107,558,0.522,TGA
orf5601,-,1,3090721,1218,0.521,TAA
orf5602,-,2,3091941,783,0.504,TAA
orf5603,-,2,3092943,1203,0.539,TGA
orf5604,-,2,3094245,543,0.536,TGA
orf5605,-,1,3095530,660,0.433,TAA
orf5606,-,0,3097865,324,0.525,TAA
orf5607,-,0,3102752,333,0.502,TGA
orf5608,-,2,3104160,1356,0.561,TAA
orf5609,-,0,3105512,963,0.588,TGA
orf5610,-,1,3106474,858,0.548,TAA
orf5611,-,2,3107346,759,0.569,TGA
orf5612,-,0,3108101,1875,0.571,TGA
orf5613,-,2,3109860,669,0.531,TAG
orf5614,-,2,3111234,306,0.52,TAA
orf5615,-,2,3111594,462,0.478,TAA
orf5616,-,0,3116150,1458,0.574,TAA
orf5617,-,0,3117614,1530,0.55,TAA
orf5618,-,1,3119374,1842,0.573,TGA
orf5619,-,0,3120191,315,0.6,TAA
orf5620,-,2,3121212,303,0.541,TGA
orf5621,-,0,3121511,555,0.53,TGA
orf5622,-,1,3122077,543,0.541,TAA
orf5623,-,2,3122634,978,0.546,TAA
orf5624,-,0,3123608,2733,0.563,TGA
orf5625,-,1,3123778,495,0.588,TAA
orf5626,-,2,3126387,1338,0.566,TAA
orf5627,-,0,3127721,501,0.559,TGA
orf5628,-,1,3128224,1803,0.561,TAA
orf5629,-,1,3130120,663,0.519,TAA
orf5630,-,1,3130798,444,0.532,TAA
orf5631,-,1,3131872,939,0.497,TAA
orf5632,-,0,3135689,1758,0.523,TGA
orf5633,-,1,3137608,486,0.566,TGA
orf5634,-,0,3138269,495,0.485,TGA
orf5635,-,2,3138846,321,0.523,TAA
orf5636,-,1,3138979,324,0.528,TGA
orf5637,-,0,3139808,906,0.536,TAA
orf5638,-,1,3140845,2229,0.554,TGA
orf5639,-,2,3141333,468,0.566,TGA
orf5640,-,2,3143481,303,0.518,TGA
orf5641,-,2,3143901,525,0.528,TGA
orf5642,-,2,3144804,543,0.536,TGA
orf5643,-,2,3145404,552,0.514,TAA
orf5644,-,1,3146011,645,0.504,TGA
orf5645,-,0,3148238,366,0.555,TAA
orf5646,-,1,3148819,891,0.452,TAA
orf5647,-,0,3149906,774,0.53,TAA
orf5648,-,2,3150687,474,0.511,TGA
orf5649,-,0,3151400,687,0.527,TGA
orf5650,-,1,3152176,783,0.487,TAA
orf5651,-,0,3153179,783,0.511,TGA
orf5652,-,2,3154227,570,0.528,TAA
orf5653,-,1,3154891,1518,0.528,TGA
orf5654,-,1,3156445,489,0.493,TAA
orf5655,-,2,3157374,501,0.577,TAA
orf5656,-,1,3158026,1269,0.559,TAA
orf5657,-,1,3159364,999,0.548,TGA
orf5658,-,2,3160434,660,0.485,TAA
orf5659,-,1,3161176,813,0.557,TAA
orf5660,-,2,3161988,1014,0.547,TAA
orf5661,-,0,3163067,1113,0.535,TAA
orf5662,-,2,3165294,1179,0.567,TAA
orf5663,-,1,3166747,1221,0.563,TAA
orf5664,-,2,3169428,417,0.525,TAA
orf5665,-,2,3170565,549,0.515,TGA
orf5666,-,0,3171113,810,0.52,TAA
orf5667,-,1,3171922,825,0.554,TAA
orf5668,-,1,3172750,1086,0.553,TAA
orf5669,-,0,3173870,1194,0.513,TAA
orf5670,-,1,3175690,843,0.428,TAG
orf5671,-,0,3176534,549,0.448,TAA
orf5672,-,1,3177052,471,0.465,TGA
orf5673,-,2,3177519,603,0.511,TGA
orf5674,-,1,3178030,759,0.528,TAG
orf5675,-,0,3178811,2652,0.545,TAA
orf5676,-,0,3181532,564,0.473,TAA
orf5677,-,0,3182741,486,0.535,TGA
orf5678,-,2,3183429,2145,0.517,TAA
orf5679,-,0,3185573,1311,0.558,TAA
orf5680,-,0,3190850,756,0.522,TAA
orf5681,-,2,3194475,1137,0.424,TAG
orf5682,-,2,3195621,681,0.504,TAA
orf5683,-,1,3196288,468,0.457,TAG
orf5684,-,2,3198672,1413,0.362,TAG
orf5685,-,1,3200764,360,0.494,TAA
orf5686,-,0,3201974,1248,0.439,TAG
orf5687,-,1,3203293,915,0.522,TAG
orf5688,-,1,3205864,996,0.517,TGA
orf5689,-,2,3206220,330,0.536,TGA
orf5690,-,0,3207857,375,0.525,TGA
orf5691,-,1,3208774,1539,0.418,TGA
orf5692,-,2,3210312,1056,0.431,TAA
orf5693,-,2,3216159,879,0.478,TAA
orf5694,-,2,3217374,945,0.451,TAA
orf5695,-,2,3218388,1695,0.469,TAA
orf5696,-,0,3220136,1251,0.472,TGA
orf5697,-,1,3221899,636,0.459,TAA
orf5698,-,2,3225189,1239,0.553,TAA
orf5699,-,0,3225299,519,0.559,TGA
orf5700,-,2,3227106,414,0.51,TAA
orf5701,-,1,3228025,354,0.492,TAA
orf5702,-,0,3230123,2496,0.555,TGA
orf5703,-,0,3232643,1038,0.581,TGA
orf5704,-,1,3233680,1086,0.571,TAA
orf5705,-,2,3234780,1248,0.538,TAA
orf5706,-,2,3236049,327,0.508,TAA
orf5707,-,0,3236594,966,0.511,TAA
orf5708,-,2,3237999,399,0.559,TGA
orf5709,-,0,3239600,1239,0.532,TAG
orf5710,-,0,3242426,2271,0.488,TAA
orf5711,-,2,3246027,1149,0.518,TGA
orf5712,-,1,3247786,1416,0.53,TAA
orf5713,-,2,3250680,555,0.517,TAG
orf5714,-,0,3252539,2016,0.543,TGA
orf5715,-,2,3254625,999,0.554,TGA
orf5716,-,0,3255101,306,0.667,TAG
orf5717,-,0,3257117,357,0.518,TAA
orf5718,-,1,3260776,852,0.52,TAA
orf5719,-,1,3262102,990,0.555,TAA
orf5720,-,0,3263147,1098,0.58,TGA
orf5721,-,2,3263205,369,0.615,TAA
orf5722,-,2,3264234,876,0.561,TGA
orf5723,-,0,3265109,834,0.552,TAA
orf5724,-,1,3265942,1017,0.535,TAA
orf5725,-,0,3267116,792,0.549,TGA
orf5726,-,1,3268036,858,0.515,TGA
orf5727,-,1,3269374,486,0.549,TGA
orf5728,-,0,3269441,321,0.567,TAA
orf5729,-,2,3272748,900,0.56,TAA
orf5730,-,0,3273743,576,0.505,TAA
orf5731,-,0,3274379,450,0.529,TAA
orf5732,-,2,3274815,426,0.526,TGA
orf5733,-,2,3276216,405,0.558,TAA
orf5734,-,0,3277232,1053,0.532,TGA
orf5735,-,0,3278330,501,0.575,TAA
orf5736,-,0,3278843,660,0.558,TAA
orf5737,-,0,3279512,888,0.565,TAA
orf5738,-,1,3280420,1362,0.557,TGA
orf5739,-,2,3281793,1083,0.603,TGA
orf5740,-,0,3283193,1227,0.553,TGA
orf5741,-,0,3284519,1188,0.588,TAA
orf5742,-,2,3285696,837,0.585,TGA
orf5743,-,1,3286543,1404,0.572,TAA
orf5744,-,1,3288352,336,0.574,TAA
orf5745,-,2,3288684,1017,0.581,TGA
orf5746,-,0,3289697,732,0.577,TGA
orf5747,-,1,3290425,642,0.555,TGA
orf5748,-,0,3291101,480,0.512,TGA
orf5749,-,0,3291593,336,0.509,TAA
orf5750,-,2,3292221,2280,0.543,TAA
orf5751,-,1,3295513,1197,0.527,TAG
orf5752,-,0,3297857,1044,0.551,TAA
orf5753,-,1,3299026,576,0.483,TGA
orf5754,-,0,3299669,1980,0.557,TGA
orf5755,-,0,3307613,315,0.495,TAA
orf5756,-,1,3307702,300,0.533,TGA
orf5757,-,1,3309166,723,0.538,TAA
orf5758,-,0,3309938,2016,0.55,TGA
orf5759,-,1,3311968,864,0.541,TAA
orf5760,-,2,3312999,714,0.524,TGA
orf5761,-,0,3313925,1035,0.554,TAA
orf5762,-,2,3314976,879,0.519,TAA
orf5763,-,1,3318940,405,0.541,TGA
orf5764,-,0,3320267,552,0.54,TAG
orf5765,-,1,3320929,303,0.538,TAA
orf5766,-,2,3323826,390,0.574,TAA
orf5767,-,0,3324896,342,0.573,TGA
orf5768,-,0,3326315,330,0.552,TAA
orf5769,-,1,3326623,300,0.563,TAG
orf5770,-,0,3327554,399,0.526,TGA
orf5771,-,2,3328629,453,0.521,TGA
orf5772,-,0,3330962,1062,0.535,TAA
orf5773,-,2,3333759,333,0.541,TGA
orf5774,-,0,3334217,426,0.507,TAG
orf5775,-,2,3335013,1290,0.525,TAA
orf5776,-,1,3336388,627,0.531,TAA
orf5777,-,2,3338022,573,0.517,TAA
orf5778,-,0,3342836,2244,0.465,TGA
orf5779,-,0,3347099,1578,0.542,TGA
orf5780,-,1,3348745,1536,0.54,TGA
orf5781,-,1,3352024,1500,0.512,TAA
orf5782,-,1,3353614,1179,0.532,TAA
orf5783,-,1,3355441,1245,0.548,TAA
orf5784,-,2,3356826,1119,0.532,TAA
orf5785,-,0,3357971,1014,0.545,TAA
orf5786,-,1,3359269,1155,0.526,TGA
orf5787,-,2,3360573,432,0.528,TAA
orf5788,-,0,3361145,855,0.473,TAA
orf5789,-,1,3361999,822,0.485,TAA
orf5790,-,0,3362813,630,0.498,TGA
orf5791,-,1,3363439,2382,0.5,TGA
orf5792,-,2,3363816,477,0.491,TGA
orf5793,-,0,3365984,2313,0.564,TGA
orf5794,-,0,3368297,4962,0.531,TAA
orf5795,-,0,3374810,777,0.468,TAA
orf5796,-,2,3375729,1284,0.561,TAA
orf5797,-,0,3377402,336,0.524,TAA
orf5798,-,2,3377739,1851,0.577,TAA
orf5799,-,1,3379606,516,0.519,TAA
orf5800,-,2,3380217,324,0.5,TGA
orf5801,-,1,3380557,387,0.491,TAA
orf5802,-,1,3380971,1236,0.53,TAA
orf5803,-,1,3382297,489,0.534,TAA
orf5804,-,1,3383086,738,0.549,TGA
orf5805,-,0,3383837,807,0.538,TAG
orf5806,-,0,3386723,318,0.516,TAA
orf5807,-,2,3387207,1140,0.564,TGA
orf5808,-,2,3388506,891,0.501,TAA
orf5809,-,0,3394316,873,0.559,TAA
orf5810,-,1,3395200,828,0.557,TAA
orf5811,-,2,3396327,999,0.562,TAA
orf5812,-,2,3397350,1512,0.558,TGA
orf5813,-,1,3398884,984,0.457,TAA
orf5814,-,1,3399964,3282,0.549,TAA
orf5815,-,2,3404619,1260,0.53,TAA
orf5816,-,2,3406269,531,0.524,TAA
orf5817,-,0,3407435,339,0.51,TAA
orf5818,-,0,3407834,1350,0.542,TGA
orf5819,-,1,3408262,420,0.55,TGA
orf5820,-,2,3409158,714,0.539,TAA
orf5821,-,0,3410036,1383,0.526,TAA
orf5822,-,1,3412039,3996,0.566,TAA
orf5823,-,1,3417736,537,0.529,TAA
orf5824,-,1,3418297,573,0.541,TAG
orf5825,-,1,3419395,303,0.505,TGA
orf5826,-,0,3421001,381,0.514,TAA
orf5827,-,1,3421381,747,0.564,TAA
orf5828,-,2,3422124,729,0.538,TGA
orf5829,-,0,3422864,906,0.523,TAA
orf5830,-,1,3423766,681,0.507,TGA
orf5831,-,2,3424719,975,0.517,TAA
orf5832,-,2,3425709,1800,0.538,TAA
orf5833,-,0,3427706,480,0.556,TGA
orf5834,-,1,3428182,957,0.508,TGA
orf5835,-,2,3428583,372,0.505,TGA
orf5836,-,2,3429138,639,0.52,TAA
orf5837,-,0,3429809,576,0.488,TGA
orf5838,-,1,3431563,315,0.53,TAA
orf5839,-,2,3432399,738,0.533,TAA
orf5840,-,0,3433055,936,0.535,TGA
orf5841,-,2,3433635,345,0.533,TGA
orf5842,-,0,3434018,321,0.548,TGA
orf5843,-,2,3434379,330,0.491,TAA
orf5844,-,1,3434635,927,0.487,TAA
orf5845,-,0,3436262,384,0.487,TAA
orf5846,-,2,3437688,1038,0.563,TGA
orf5847,-,0,3438317,363,0.595,TAA
orf5848,-,1,3440233,405,0.565,TAA
orf5849,-,2,3442083,360,0.497,TAG
orf5850,-,0,3442991,450,0.52,TGA
orf5851,-,1,3444646,1380,0.482,TAG
orf5852,-,0,3451718,2586,0.514,TAA
orf5853,-,0,3454421,732,0.544,TAA
orf5854,-,1,3455149,981,0.524,TGA
orf5855,-,2,3457191,528,0.445,TAA
orf5856,-,2,3459066,1122,0.518,TAA
orf5857,-,0,3459239,414,0.543,TAA
orf5858,-,1,3460198,1140,0.517,TAA
orf5859,-,1,3464302,348,0.483,TAA
orf5860,-,2,3464691,768,0.531,TAA
orf5861,-,2,3465489,552,0.489,TAA
orf5862,-,2,3466056,309,0.511,TAA
orf5863,-,1,3466441,1362,0.542,TAA
orf5864,-,0,3469478,405,0.528,TGA
orf5865,-,1,3469717,375,0.515,TGA
orf5866,-,0,3470123,594,0.502,TAA
orf5867,-,0,3474296,477,0.468,TAA
orf5868,-,2,3476982,591,0.384,TGA
orf5869,-,0,3479672,423,0.381,TAA
orf5870,-,2,3480255,390,0.521,TAA
orf5871,-,1,3481762,645,0.553,TGA
orf5872,-,0,3482456,348,0.586,TAA
orf5873,-,1,3482800,381,0.52,TGA
orf5874,-,2,3483537,345,0.47,TGA
orf5875,-,2,3484251,1854,0.553,TAA
orf5876,-,2,3486765,759,0.366,TAA
orf5877,-,2,3487761,624,0.508,TAG
orf5878,-,0,3488381,666,0.45,TGA
orf5879,-,1,3489043,612,0.462,TGA
orf5880,-,0,3489629,567,0.395,TAA
orf5881,-,0,3491153,459,0.434,TAA
orf5882,-,2,3491694,1269,0.361,TGA
orf5883,-,0,3493358,471,0.325,TAG
orf5884,-,2,3493869,399,0.341,TAA
orf5885,-,2,3494268,1632,0.315,TAA
orf5886,-,0,3495896,1314,0.313,TGA
orf5887,-,2,3497211,1206,0.34,TAG
orf5888,-,1,3499045,852,0.43,TAA
orf5889,-,1,3500323,4683,0.493,TGA
orf5890,-,2,3505845,1350,0.346,TAA
orf5891,-,1,3509194,570,0.4,TGA
orf5892,-,1,3511606,615,0.535,TGA
orf5893,-,0,3512522,411,0.564,TAA
orf5894,-,0,3514007,567,0.589,TGA
orf5895,-,1,3514939,411,0.579,TAA
orf5896,-,2,3518523,450,0.48,TAG
orf5897,-,0,3520277,405,0.481,TAA
orf5898,-,2,3521835,345,0.47,TAA
orf5899,-,2,3522810,1335,0.538,TAA
orf5900,-,0,3525257,384,0.552,TAA
orf5901,-,2,3531741,423,0.539,TAA
orf5902,-,2,3536598,435,0.543,TAA
orf5903,-,2,3537264,324,0.549,TAA
orf5904,-,1,3537463,597,0.556,TGA
orf5905,-,1,3538375,516,0.516,TAG
orf5906,-,2,3539040,1323,0.521,TGA
orf5907,-,2,3540669,336,0.494,TAA
orf5908,-,0,3541094,567,0.534,TGA
orf5909,-,0,3543308,2631,0.536,TAA
orf5910,-,2,3546066,501,0.517,TGA
orf5911,-,1,3546634,1077,0.536,TAA
orf5912,-,0,3547775,498,0.562,TGA
orf5913,-,0,3548417,1134,0.545,TAA
orf5914,-,1,3550801,333,0.556,TGA
orf5915,-,2,3552948,393,0.471,TAG
orf5916,-,2,3554697,1590,0.564,TAA
orf5917,-,2,3556368,558,0.489,TAA
orf5918,-,2,3558891,2253,0.576,TAA
orf5919,-,0,3561296,528,0.527,TAA
orf5920,-,2,3561972,1020,0.524,TAA
orf5921,-,2,3563466,324,0.574,TGA
orf5922,-,2,3564195,366,0.598,TGA
orf5923,-,2,3566256,438,0.55,TAG
orf5924,-,1,3566719,411,0.528,TGA
orf5925,-,2,3566784,300,0.567,TAA
orf5926,-,2,3567126,768,0.57,TGA
orf5927,-,0,3567314,390,0.603,TGA
orf5928,-,0,3567893,543,0.562,TGA
orf5929,-,0,3568445,1710,0.564,TAA
orf5930,-,1,3569455,309,0.54,TGA
orf5931,-,1,3570172,924,0.58,TGA
orf5932,-,2,3571098,1827,0.579,TGA
orf5933,-,0,3572921,513,0.571,TGA
orf5934,-,2,3573657,462,0.5,TGA
orf5935,-,0,3574421,351,0.519,TGA
orf5936,-,1,3575056,309,0.544,TAA
orf5937,-,2,3575157,327,0.52,TGA
orf5938,-,0,3579014,366,0.519,TAA
orf5939,-,0,3580136,354,0.506,TAG
orf5940,-,0,3581207,372,0.567,TAG
orf5941,-,2,3581340,372,0.583,TAA
orf5942,-,0,3584387,1428,0.576,TAA
orf5943,-,1,3585814,594,0.571,TAA
orf5944,-,0,3587081,1029,0.519,TAA
orf5945,-,1,3588136,1140,0.527,TAA
orf5946,-,0,3589415,627,0.541,TAA
orf5947,-,1,3590035,762,0.547,TAA
orf5948,-,0,3590777,1050,0.518,TAA
orf5949,-,1,3591823,480,0.535,TGA
orf5950,-,2,3592302,711,0.553,TAA
orf5951,-,2,3593031,312,0.519,TAA
orf5952,-,1,3593536,324,0.475,TAA
orf5953,-,0,3593909,606,0.523,TGA
orf5954,-,1,3594514,1428,0.541,TAA
orf5955,-,0,3595943,909,0.537,TAA
orf5956,-,0,3598820,876,0.522,TGA
orf5957,-,1,3599740,789,0.559,TGA
orf5958,-,2,3600372,747,0.552,TAA
orf5959,-,1,3601129,1056,0.511,TAA
orf5960,-,2,3602196,537,0.512,TAA
orf5961,-,0,3602729,1563,0.505,TGA
orf5962,-,2,3604389,2700,0.503,TGA
orf5963,-,1,3607696,735,0.51,TAA
orf5964,-,0,3608504,1713,0.561,TAA
orf5965,-,1,3610216,1800,0.566,TAA
orf5966,-,2,3615327,603,0.556,TAA
orf5967,-,0,3615893,780,0.559,TGA
orf5968,-,0,3616853,1206,0.532,TGA
orf5969,-,0,3618080,1455,0.509,TAA
orf5970,-,0,3619604,861,0.458,TAA
orf5971,-,0,3624554,672,0.515,TGA
orf5972,-,1,3627937,354,0.5,TAA
orf5973,-,1,3629041,1299,0.507,TAA
orf5974,-,1,3630427,1638,0.52,TAA
orf5975,-,2,3632292,792,0.514,TAA
orf5976,-,1,3633154,336,0.473,TAG
orf5977,-,0,3633815,2235,0.537,TAG
orf5978,-,1,3636097,1302,0.513,TAG
orf5979,-,1,3640444,1341,0.535,TAA
orf5980,-,2,3641805,798,0.564,TGA
orf5981,-,1,3643147,1353,0.52,TAA
orf5982,-,2,3644007,318,0.519,TGA
orf5983,-,2,3644934,450,0.524,TGA
orf5984,-,0,3645401,783,0.538,TAA
orf5985,-,1,3646183,330,0.521,TAA
orf5986,-,0,3648818,318,0.487,TGA
orf5987,-,2,3650601,1842,0.514,TAA
orf5988,-,0,3651014,471,0.535,TGA
orf5989,-,0,3652949,309,0.602,TAA
orf5990,-,2,3653046,588,0.561,TAA
orf5991,-,2,3654264,1152,0.536,TAA
orf5992,-,2,3655440,648,0.495,TAA
orf5993,-,0,3657998,408,0.549,TAA
orf5994,-,0,3659081,366,0.568,TGA
orf5995,-,1,3659317,381,0.564,TAA
orf5996,-,2,3660441,339,0.54,TGA
orf5997,-,1,3662542,1101,0.525,TAA
orf5998,-,0,3663635,396,0.543,TAA
orf5999,-,0,3664049,918,0.49,TAA
orf6000,-,2,3665958,339,0.555,TAA
orf6001,-,1,3666616,441,0.551,TGA
orf6002,-,1,3667435,807,0.544,TAA
orf6003,-,0,3668480,1299,0.509,TGA
orf6004,-,1,3670156,1344,0.528,TGA
orf6005,-,1,3671569,300,0.48,TAA
orf6006,-,0,3673034,1827,0.551,TAA
orf6007,-,1,3674860,3543,0.545,TAA
orf6008,-,2,3675984,306,0.507,TGA
orf6009,-,0,3678395,2889,0.508,TGA
orf6010,-,2,3681459,3369,0.539,TGA
orf6011,-,2,3684840,324,0.54,TAG
orf6012,-,0,3685148,366,0.53,TGA
orf6013,-,1,3685552,804,0.53,TGA
orf6014,-,2,3686106,471,0.535,TAA
orf6015,-,2,3686760,795,0.507,TAA
orf6016,-,2,3687561,876,0.531,TGA
orf6017,-,2,3688587,2247,0.538,TAG
orf6018,-,2,3690846,465,0.49,TAA
orf6019,-,0,3692138,315,0.53,TAA
orf6020,-,2,3694239,330,0.548,TAA
orf6021,-,2,3694626,339,0.543,TAA
orf6022,-,1,3695068,1194,0.556,TAA
orf6023,-,0,3696254,2160,0.522,TGA
orf6024,-,0,3700037,1263,0.528,TAA
orf6025,-,1,3702343,693,0.506,TAG
orf6026,-,2,3703164,1524,0.504,TGA
orf6027,-,0,3704897,762,0.522,TAA
orf6028,-,1,3705688,729,0.497,TAG
orf6029,-,0,3706811,1182,0.534,TAG
orf6030,-,2,3708957,339,0.442,TAA
orf6031,-,1,3712336,426,0.336,TGA
orf6032,-,0,3717101,633,0.365,TAA
orf6033,-,0,3717956,432,0.324,TAG
orf6034,-,1,3718606,582,0.344,TAA
orf6035,-,1,3719203,735,0.365,TAG
orf6036,-,2,3719934,333,0.387,TGA
orf6037,-,0,3720539,735,0.329,TAA
orf6038,-,0,3722834,1122,0.331,TAA
orf6039,-,1,3724279,453,0.404,TAG
orf6040,-,2,3725004,666,0.345,TGA
orf6041,-,1,3725659,1032,0.361,TAG
orf6042,-,0,3726605,570,0.381,TAA
orf6043,-,2,3727458,336,0.369,TGA
orf6044,-,1,3727906,1320,0.446,TAA
orf6045,-,0,3729230,2061,0.374,TAG
orf6046,-,2,3731283,1146,0.364,TAA
orf6047,-,1,3732433,1704,0.388,TAG
orf6048,-,2,3734133,750,0.385,TGA
orf6049,-,2,3735474,1059,0.395,TAA
orf6050,-,1,3736516,576,0.42,TGA
orf6051,-,0,3737465,714,0.515,TGA
orf6052,-,2,3741450,432,0.519,TGA
orf6053,-,2,3742338,1779,0.458,TAA
orf6054,-,1,3747037,300,0.46,TGA
orf6055,-,0,3748313,324,0.5,TGA
orf6056,-,1,3750067,324,0.497,TAA
orf6057,-,0,3750764,1626,0.525,TAA
orf6058,-,1,3752437,603,0.506,TAG
orf6059,-,2,3754314,333,0.511,TAA
orf6060,-,2,3756336,414,0.558,TAA
orf6061,-,2,3760224,333,0.529,TGA
orf6062,-,0,3764915,369,0.485,TGA
orf6063,-,0,3765713,402,0.532,TGA
orf6064,-,0,3766673,330,0.573,TGA
orf6065,-,1,3767161,1935,0.527,TGA
orf6066,-,2,3769356,648,0.489,TGA
orf6067,-,1,3771805,1518,0.524,TAA
orf6068,-,1,3773332,882,0.535,TGA
orf6069,-,0,3774521,1593,0.571,TAG
orf6070,-,1,3776260,711,0.482,TAA
orf6071,-,1,3776995,795,0.536,TGA
orf6072,-,1,3778126,390,0.538,TAA
orf6073,-,1,3778564,315,0.537,TAA
orf6074,-,0,3780131,333,0.538,TAA
orf6075,-,1,3780253,345,0.53,TAA
orf6076,-,0,3780518,660,0.524,TAA
orf6077,-,2,3781341,312,0.455,TAA
orf6078,-,0,3781925,414,0.481,TAG
orf6079,-,0,3782513,528,0.509,TAG
orf6080,-,0,3783296,2874,0.557,TAA
orf6081,-,0,3786287,390,0.523,TAA
orf6082,-,1,3786700,1095,0.545,TGA
orf6083,-,1,3788242,1203,0.55,TAA
orf6084,-,2,3789468,1179,0.595,TGA
orf6085,-,0,3790643,1326,0.532,TGA
orf6086,-,2,3791994,585,0.506,TAA
orf6087,-,0,3793019,327,0.498,TAA
orf6088,-,0,3794699,1233,0.528,TAA
orf6089,-,1,3796186,696,0.516,TGA
orf6090,-,1,3799639,360,0.567,TGA
orf6091,-,1,3800899,324,0.509,TAA
orf6092,-,1,3803752,312,0.468,TAA
orf6093,-,1,3804070,594,0.436,TAG
orf6094,-,0,3804815,708,0.525,TAA
orf6095,-,1,3805648,594,0.512,TAG
orf6096,-,1,3806422,861,0.498,TAA
orf6097,-,0,3807305,417,0.472,TGA
orf6098,-,1,3807640,1080,0.51,TAA
orf6099,-,0,3808934,1164,0.525,TAA
orf6100,-,2,3810147,1020,0.517,TAA
orf6101,-,0,3813305,372,0.556,TGA
orf6102,-,0,3814586,624,0.542,TAA
orf6103,-,1,3815296,510,0.484,TGA
orf6104,-,1,3815827,966,0.561,TGA
orf6105,-,2,3816789,1278,0.51,TGA
orf6106,-,0,3818081,1389,0.5,TGA
orf6107,-,0,3819497,444,0.426,TAA
orf6108,-,2,3820254,1992,0.56,TAA
orf6109,-,0,3823487,921,0.552,TAA
orf6110,-,0,3824543,732,0.488,TAG
orf6111,-,2,3825420,1977,0.542,TAA
orf6112,-,0,3825611,417,0.547,TAG
orf6113,-,0,3826412,345,0.586,TGA
orf6114,-,0,3830276,318,0.541,TAG
orf6115,-,2,3830739,381,0.543,TAG
orf6116,-,1,3831238,444,0.541,TAG
orf6117,-,0,3831665,540,0.52,TAA
orf6118,-,2,3835605,981,0.551,TGA
orf6119,-,0,3838781,411,0.535,TAA
orf6120,-,1,3840151,972,0.44,TAA
orf6121,-,2,3841275,1047,0.528,TAA
orf6122,-,1,3842497,720,0.526,TAA
orf6123,-,1,3843400,357,0.482,TAA
orf6124,-,2,3843726,720,0.529,TAA
orf6125,-,1,3845635,435,0.487,TAA
orf6126,-,0,3845897,423,0.489,TGA
orf6127,-,0,3846722,432,0.519,TAA
orf6128,-,2,3848613,2196,0.519,TAA
orf6129,-,2,3851460,333,0.523,TAA
orf6130,-,2,3853614,786,0.565,TAA
orf6131,-,2,3854781,504,0.524,TAG
orf6132,-,2,3855621,345,0.554,TAG
orf6133,-,1,3855823,456,0.577,TGA
orf6134,-,0,3856775,957,0.495,TGA
orf6135,-,0,3857828,549,0.392,TAA
orf6136,-,1,3859435,555,0.571,TGA
orf6137,-,0,3864863,312,0.353,TAA
orf6138,-,1,3869374,891,0.54,TGA
orf6139,-,2,3870261,327,0.541,TGA
orf6140,-,0,3873749,441,0.546,TGA
orf6141,-,0,3875408,1317,0.519,TAA
orf6142,-,0,3877016,1860,0.525,TAA
orf6143,-,0,3879527,447,0.553,TAA
orf6144,-,1,3880330,396,0.571,TAA
orf6145,-,2,3880356,312,0.587,TGA
orf6146,-,0,3880664,489,0.546,TGA
orf6147,-,2,3881145,495,0.549,TGA
orf6148,-,0,3881639,1704,0.535,TAA
orf6149,-,1,3883339,1179,0.544,TGA
orf6150,-,0,3884507,870,0.538,TGA
orf6151,-,1,3885496,1119,0.545,TAA
orf6152,-,2,3885558,342,0.561,TGA
orf6153,-,1,3887209,927,0.512,TGA
orf6154,-,1,3889333,495,0.469,TGA
orf6155,-,2,3891174,426,0.5,TAA
orf6156,-,2,3891606,720,0.539,TAA
orf6157,-,0,3892835,402,0.517,TAG
orf6158,-,0,3893588,333,0.477,TAA
orf6159,-,2,3894618,1128,0.5,TAA
orf6160,-,1,3896203,309,0.566,TGA
orf6161,-,2,3899277,2220,0.545,TAA
orf6162,-,0,3901607,1413,0.564,TAA
orf6163,-,1,3903094,738,0.496,TAA
orf6164,-,2,3904065,2259,0.547,TAA
orf6165,-,0,3906461,1608,0.524,TGA
orf6166,-,0,3908177,483,0.528,TGA
orf6167,-,2,3908712,393,0.519,TAA
orf6168,-,2,3911352,579,0.508,TGA
orf6169,-,2,3911976,324,0.497,TAA
orf6170,-,0,3912341,888,0.52,TAA
orf6171,-,1,3913225,948,0.501,TGA
orf6172,-,0,3914183,1050,0.503,TAA
orf6173,-,1,3915229,984,0.539,TGA
orf6174,-,2,3916209,702,0.494,TGA
orf6175,-,1,3918103,351,0.476,TGA
orf6176,-,1,3919597,1893,0.539,TGA
orf6177,-,0,3921518,582,0.54,TGA
orf6178,-,1,3922099,528,0.566,TGA
orf6179,-,2,3922164,306,0.569,TGA
orf6180,-,1,3922951,423,0.485,TAG
orf6181,-,1,3923374,630,0.502,TAA
orf6182,-,1,3925477,420,0.533,TGA
orf6183,-,1,3927712,816,0.534,TAA
orf6184,-,0,3929906,654,0.526,TGA
orf6185,-,2,3933270,540,0.53,TGA
orf6186,-,0,3934847,1434,0.557,TAA
orf6187,-,1,3936328,3009,0.558,TGA
orf6188,-,0,3939191,1302,0.551,TAA
orf6189,-,2,3941466,321,0.561,TAG
orf6190,-,2,3942837,822,0.526,TAA
orf6191,-,2,3943749,369,0.507,TAA
orf6192,-,0,3944186,390,0.533,TGA
orf6193,-,2,3944853,933,0.496,TAG
orf6194,-,1,3947617,342,0.544,TAG
orf6195,-,1,3949060,1014,0.573,TAA
orf6196,-,2,3950601,369,0.509,TAA
orf6197,-,0,3952688,903,0.525,TGA
orf6198,-,1,3953377,300,0.5,TAG
orf6199,-,0,3953726,405,0.511,TAA
orf6200,-,0,3954497,507,0.527,TAA
orf6201,-,2,3955257,765,0.566,TAA
orf6202,-,0,3957086,1521,0.554,TAA
orf6203,-,0,3959573,315,0.584,TGA
orf6204,-,1,3960445,333,0.511,TAA
orf6205,-,2,3961350,510,0.527,TAA
orf6206,-,2,3963021,1212,0.543,TGA
orf6207,-,2,3964374,522,0.544,TGA
orf6208,-,2,3966261,645,0.527,TAG
orf6209,-,0,3968606,348,0.532,TGA
orf6210,-,1,3970459,408,0.534,TGA
orf6211,-,2,3971484,570,0.572,TAA
orf6212,-,0,3973358,417,0.48,TAA
orf6213,-,1,3973771,315,0.378,TGA
orf6214,-,0,3974369,1167,0.54,TAA
orf6215,-,2,3977022,309,0.515,TAA
orf6216,-,1,3980824,552,0.5,TAA
orf6217,-,0,3981458,1488,0.54,TAA
orf6218,-,1,3982960,1413,0.54,TAA
orf6219,-,2,3984972,462,0.541,TAA
orf6220,-,0,3985706,312,0.564,TAA
orf6221,-,2,3986571,336,0.512,TAA
orf6222,-,2,3992946,897,0.553,TAA
orf6223,-,1,3994969,1311,0.568,TAA
orf6224,-,1,3996307,1332,0.502,TGA
orf6225,-,0,3997913,1365,0.536,TGA
orf6226,-,1,3999349,438,0.518,TAA
orf6227,-,0,3999752,2295,0.532,TGA
orf6228,-,0,4002080,1221,0.48,TAA
orf6229,-,2,4003314,1332,0.497,TAA
orf6230,-,2,4004667,990,0.465,TAA
orf6231,-,0,4005755,939,0.421,TAG
orf6232,-,0,4009859,1227,0.539,TGA
orf6233,-,0,4011101,900,0.523,TAA
orf6234,-,1,4012021,771,0.527,TAA
orf6235,-,1,4012807,1335,0.506,TAA
orf6236,-,2,4014996,315,0.514,TAG
orf6237,-,2,4017090,810,0.527,TGA
orf6238,-,0,4018886,369,0.556,TAA
orf6239,-,2,4019916,426,0.568,TAA
orf6240,-,1,4020085,345,0.58,TAA
orf6241,-,2,4021596,846,0.554,TAA
orf6242,-,0,4034972,861,0.545,TAA
orf6243,-,0,4037201,363,0.54,TGA
orf6244,-,0,4038410,312,0.5,TGA
orf6245,-,0,4039595,1041,0.575,TGA
orf6246,-,0,4040708,681,0.554,TAA
orf6247,-,2,4041969,444,0.552,TAA
orf6248,-,2,4042752,504,0.55,TAA
orf6249,-,2,4044762,450,0.564,TAA
orf6250,-,2,4047069,1245,0.527,TAA
orf6251,-,2,4048467,1941,0.549,TAA
orf6252,-,0,4048703,327,0.541,TGA
orf6253,-,0,4050536,885,0.482,TAG
orf6254,-,0,4051529,2205,0.535,TAA
orf6255,-,2,4054329,945,0.529,TAA
orf6256,-,0,4055273,402,0.525,TAA
orf6257,-,1,4055839,2673,0.535,TAA
orf6258,-,1,4058536,1488,0.53,TAA
orf6259,-,1,4060051,423,0.494,TAA
orf6260,-,1,4061107,996,0.511,TGA
orf6261,-,0,4062485,1626,0.428,TGA
orf6262,-,2,4064670,333,0.505,TAA
orf6263,-,0,4065230,1338,0.54,TAA
orf6264,-,2,4066560,849,0.516,TAA
orf6265,-,0,4067498,1935,0.537,TAA
orf6266,-,0,4069532,630,0.505,TAA
orf6267,-,2,4070217,303,0.472,TAG
orf6268,-,2,4070736,477,0.486,TAA
orf6269,-,1,4072933,1173,0.529,TAA
orf6270,-,1,4074121,966,0.528,TGA
orf6271,-,2,4075491,312,0.484,TAA
orf6272,-,0,4077587,1260,0.533,TAA
orf6273,-,1,4079608,636,0.524,TAA
orf6274,-,1,4080262,552,0.498,TAA
orf6275,-,0,4080818,783,0.552,TGA
orf6276,-,2,4081608,810,0.547,TAA
orf6277,-,0,4083983,390,0.541,TGA
orf6278,-,1,4087177,561,0.547,TAG
orf6279,-,2,4091433,729,0.52,TAA
orf6280,-,0,4092158,663,0.523,TGA
orf6281,-,2,4093041,2337,0.505,TGA
orf6282,-,0,4094006,399,0.506,TGA
orf6283,-,0,4095473,930,0.555,TAG
orf6284,-,2,4097985,666,0.566,TAA
orf6285,-,2,4100181,477,0.551,TGA
orf6286,-,2,4102359,759,0.548,TAA
orf6287,-,0,4102499,447,0.562,TAG
orf6288,-,0,4104260,465,0.475,TAA
orf6289,-,1,4104721,876,0.587,TGA
orf6290,-,0,4104917,351,0.632,TGA
orf6291,-,2,4105593,690,0.58,TGA
orf6292,-,0,4106330,1491,0.545,TAA
orf6293,-,0,4107929,894,0.518,TGA
orf6294,-,2,4108944,792,0.537,TAA
orf6295,-,2,4110840,363,0.51,TAA
orf6296,-,0,4111514,498,0.552,TAA
orf6297,-,1,4112017,639,0.535,TAA
orf6298,-,0,4113050,393,0.519,TAA
orf6299,-,0,4113458,429,0.506,TAA
orf6300,-,1,4114105,1128,0.518,TAA
orf6301,-,1,4116412,378,0.516,TGA
orf6302,-,2,4117740,339,0.534,TGA
orf6303,-,1,4118566,939,0.524,TAA
orf6304,-,1,4120801,345,0.501,TAA
orf6305,-,2,4121457,1968,0.526,TAA
orf6306,-,0,4123430,579,0.544,TAA
orf6307,-,2,4125816,1446,0.547,TAA
orf6308,-,0,4127417,3654,0.535,TGA
orf6309,-,2,4131285,1470,0.523,TAA
orf6310,-,1,4132744,594,0.54,TGA
orf6311,-,2,4133346,417,0.506,TAA
orf6312,-,0,4133834,1104,0.559,TAG
orf6313,-,1,4135003,1044,0.543,TAA
orf6314,-,0,4136351,1941,0.506,TAA
orf6315,-,1,4136824,372,0.524,TGA
orf6316,-,2,4138692,303,0.611,TAA
orf6317,-,0,4140479,474,0.53,TGA
orf6318,-,2,4141041,945,0.549,TGA
orf6319,-,2,4142022,339,0.469,TGA
orf6320,-,2,4143897,387,0.545,TGA
orf6321,-,0,4144124,459,0.558,TGA
orf6322,-,2,4145325,402,0.51,TAG
orf6323,-,1,4145572,468,0.549,TGA
orf6324,-,2,4147761,663,0.442,TAA
orf6325,-,0,4148984,543,0.532,TAA
orf6326,-,2,4152807,345,0.487,TAG
orf6327,-,2,4157088,516,0.483,TAA
orf6328,-,0,4158206,303,0.531,TAA
orf6329,-,0,4165031,819,0.491,TGA
orf6330,-,2,4165854,444,0.532,TAA
orf6331,-,1,4166431,543,0.499,TAA
orf6332,-,0,4167002,474,0.458,TAA
orf6333,-,2,4167447,1125,0.509,TGA
orf6334,-,0,4173716,426,0.502,TGA
orf6335,-,2,4174152,369,0.48,TAG
orf6336,-,1,4174627,384,0.536,TAA
orf6337,-,0,4175051,990,0.522,TAA
orf6338,-,2,4176066,621,0.507,TAA
orf6339,-,2,4176720,390,0.518,TAA
orf6340,-,1,4177777,1332,0.497,TAA
orf6341,-,0,4179116,435,0.538,TAA
orf6342,-,0,4179737,504,0.498,TAA
orf6343,-,1,4180255,354,0.537,TAA
orf6344,-,1,4180618,534,0.521,TAA
orf6345,-,1,4181164,393,0.501,TAA
orf6346,-,1,4181590,306,0.526,TAA
orf6347,-,2,4181910,540,0.498,TAA
orf6348,-,0,4182464,315,0.463,TAA
orf6349,-,2,4182789,372,0.511,TAA
orf6350,-,2,4183770,411,0.516,TAA
orf6351,-,2,4184193,702,0.51,TAA
orf6352,-,0,4184912,333,0.498,TGA
orf6353,-,0,4185554,822,0.532,TAA
orf6354,-,1,4186393,303,0.482,TAA
orf6355,-,2,4186692,606,0.53,TGA
orf6356,-,1,4187308,630,0.513,TAA
orf6357,-,2,4187970,312,0.554,TAA
orf6358,-,0,4189124,477,0.417,TAA
orf6359,-,1,4190050,912,0.538,TAA
orf6360,-,0,4191305,2115,0.507,TAA
orf6361,-,0,4193516,471,0.497,TAA
orf6362,-,0,4194083,375,0.533,TAA
orf6363,-,0,4194878,360,0.511,TGA
orf6364,-,1,4195237,387,0.553,TGA
orf6365,-,2,4195623,723,0.473,TAA
orf6366,-,1,4196512,813,0.485,TAA
orf6367,-,0,4197812,591,0.555,TAA
orf6368,-,2,4198734,1779,0.546,TAG
orf6369,-,0,4200512,555,0.562,TGA
orf6370,-,1,4202599,453,0.552,TGA
orf6371,-,0,4202828,651,0.575,TGA
orf6372,-,2,4205319,405,0.514,TGA
orf6373,-,2,4208865,1221,0.542,TAA
orf6374,-,1,4210171,564,0.535,TGA
orf6375,-,0,4210766,603,0.529,TAA
orf6376,-,0,4211630,573,0.511,TAA
orf6377,-,0,4214414,420,0.533,TAA
orf6378,-,0,4215401,402,0.54,TAG
orf6379,-,0,4216904,366,0.557,TGA
orf6380,-,2,4217112,468,0.566,TAA
orf6381,-,0,4217738,330,0.545,TGA
orf6382,-,2,4220286,510,0.547,TAG
orf6383,-,0,4220549,309,0.56,TAG
orf6384,-,0,4221164,474,0.519,TAA
orf6385,-,2,4223028,531,0.569,TAA
orf6386,-,1,4224829,1005,0.526,TAA
orf6387,-,0,4225826,759,0.528,TAA
orf6388,-,2,4226577,678,0.513,TAA
orf6389,-,0,4227272,837,0.491,TAA
orf6390,-,2,4228215,1287,0.541,TAA
orf6391,-,1,4229593,1089,0.541,TAA
orf6392,-,2,4230738,678,0.475,TAA
orf6393,-,1,4231660,1239,0.543,TAA
orf6394,-,0,4232810,441,0.519,TGA
orf6395,-,2,4233204,441,0.531,TAA
orf6396,-,1,4233628,540,0.546,TGA
orf6397,-,0,4234151,795,0.574,TAA
orf6398,-,2,4237782,561,0.508,TAA
orf6399,-,2,4239615,333,0.505,TGA
orf6400,-,0,4242908,1725,0.499,TGA
orf6401,-,1,4245139,468,0.509,TAA
orf6402,-,0,4246709,1353,0.569,TAA
orf6403,-,1,4248058,720,0.549,TGA
orf6404,-,2,4249980,1014,0.575,TGA
orf6405,-,2,4251093,504,0.562,TAA
orf6406,-,2,4251621,381,0.58,TGA
orf6407,-,2,4253529,744,0.567,TAG
orf6408,-,0,4253693,348,0.589,TAG
orf6409,-,2,4254999,318,0.541,TAA
orf6410,-,0,4256246,771,0.562,TAG
orf6411,-,2,4258686,336,0.491,TGA
orf6412,-,1,4258840,363,0.543,TAA
orf6413,-,1,4259581,495,0.525,TGA
orf6414,-,2,4260093,2085,0.55,TAG
orf6415,-,2,4262187,2394,0.521,TAA
orf6416,-,0,4268768,1032,0.592,TGA
orf6417,-,0,4269800,1227,0.509,TAA
orf6418,-,0,4272794,795,0.54,TGA
orf6419,-,2,4273569,831,0.543,TAA
orf6420,-,0,4274444,327,0.532,TAA
orf6421,-,0,4275350,702,0.519,TAA
orf6422,-,2,4276680,603,0.458,TAA
orf6423,-,0,4277282,993,0.47,TAA
orf6424,-,2,4278300,1518,0.474,TAA
orf6425,-,1,4279933,2448,0.509,TAA
orf6426,-,1,4282399,1434,0.55,TAG
orf6427,-,2,4283832,1317,0.52,TAA
orf6428,-,0,4285145,1974,0.544,TGA
orf6429,-,1,4287115,2187,0.532,TGA
orf6430,-,2,4289574,1164,0.538,TAA
orf6431,-,0,4291508,1296,0.503,TAA
orf6432,-,2,4292862,654,0.492,TGA
orf6433,-,0,4294226,609,0.506,TGA
orf6434,-,2,4294974,1278,0.564,TAA
orf6435,-,2,4296318,489,0.503,TAA
orf6436,-,2,4296984,996,0.542,TAA
orf6437,-,1,4298203,696,0.526,TAA
orf6438,-,2,4299021,1038,0.508,TAA
orf6439,-,0,4301951,417,0.3,TGA
orf6440,-,1,4302736,1746,0.546,TAA
orf6441,-,1,4305028,744,0.56,TAG
orf6442,-,2,4305768,1071,0.584,TGA
orf6443,-,1,4306840,846,0.538,TAA
orf6444,-,2,4307682,888,0.559,TGA
orf6445,-,1,4308667,1317,0.534,TAA
orf6446,-,2,4310343,747,0.503,TGA
orf6447,-,1,4311208,714,0.566,TAA
orf6448,-,0,4311923,768,0.547,TAA
orf6449,-,1,4312687,1278,0.567,TGA
orf6450,-,2,4313961,927,0.558,TGA
orf6451,-,0,4314935,1110,0.538,TGA
orf6452,-,1,4316848,528,0.453,TAA
orf6453,-,2,4317798,1119,0.543,TAA
orf6454,-,2,4319172,855,0.54,TAA
orf6455,-,1,4320271,1086,0.537,TAA
orf6456,-,0,4321322,669,0.559,TAA
orf6457,-,1,4321993,1497,0.535,TAA
orf6458,-,2,4324497,360,0.506,TAA
orf6459,-,2,4325754,390,0.559,TAG
orf6460,-,0,4326371,354,0.593,TGA
orf6461,-,0,4327049,354,0.588,TGA
orf6462,-,2,4327185,372,0.57,TGA
orf6463,-,0,4329125,339,0.51,TAA
orf6464,-,2,4329762,1251,0.56,TAA
orf6465,-,1,4330360,351,0.57,TAA
orf6466,-,1,4333480,369,0.453,TGA
orf6467,-,1,4334536,453,0.534,TAA
orf6468,-,0,4339427,915,0.567,TAG
orf6469,-,1,4340737,417,0.547,TAA
orf6470,-,1,4342090,405,0.617,TGA
orf6471,-,0,4343957,348,0.592,TGA
orf6472,-,2,4345176,378,0.598,TAA
orf6473,-,0,4347425,303,0.521,TAG
orf6474,-,2,4351290,459,0.61,TGA
orf6475,-,1,4351552,624,0.606,TAA
orf6476,-,2,4352664,339,0.593,TGA
orf6477,-,0,4356284,432,0.539,TAG
orf6478,-,2,4356513,462,0.541,TAG
orf6479,-,2,4357173,363,0.62,TAA
orf6480,-,2,4358667,408,0.498,TAA
orf6481,-,1,4359451,360,0.439,TAA
orf6482,-,2,4360155,1128,0.537,TAA
orf6483,-,0,4361279,2736,0.565,TGA
orf6484,-,1,4364011,1068,0.593,TGA
orf6485,-,2,4365444,1623,0.372,TGA
orf6486,-,2,4367328,1674,0.341,TAA
orf6487,-,1,4370692,1158,0.554,TGA
orf6488,-,1,4372171,321,0.517,TAA
orf6489,-,1,4372582,375,0.536,TAA
orf6490,-,0,4373696,336,0.476,TAA
orf6491,-,2,4375824,354,0.503,TAA
orf6492,-,2,4376691,795,0.584,TAA
orf6493,-,0,4376996,306,0.614,TAA
orf6494,-,1,4377451,2043,0.546,TGA
orf6495,-,1,4380268,1380,0.539,TAA
orf6496,-,2,4383093,594,0.517,TAA
orf6497,-,0,4387298,384,0.492,TAA
orf6498,-,1,4388386,1029,0.494,TAA
orf6499,-,1,4389463,1983,0.507,TAA
orf6500,-,2,4393866,300,0.527,TGA
orf6501,-,1,4397389,648,0.451,TAA
orf6502,-,1,4398100,339,0.395,TAA
orf6503,-,0,4398542,333,0.429,TAA
orf6504,-,0,4402112,438,0.543,TAA
orf6505,-,0,4406024,729,0.424,TGA
orf6506,-,2,4407120,825,0.407,TAG
orf6507,-,1,4408315,1401,0.543,TGA
orf6508,-,1,4409926,1398,0.487,TAA
orf6509,-,1,4411753,459,0.525,TAG
orf6510,-,2,4412208,435,0.538,TGA
orf6511,-,2,4412676,339,0.575,TAA
orf6512,-,0,4413428,603,0.478,TGA
orf6513,-,2,4416324,339,0.528,TAA
orf6514,-,2,4417098,306,0.621,TAG
orf6515,-,1,4417324,366,0.574,TGA
orf6516,-,2,4418427,2076,0.533,TGA
orf6517,-,2,4420557,768,0.526,TAA
orf6518,-,0,4422581,1497,0.542,TAA
orf6519,-,2,4424298,1287,0.517,TAA
orf6520,-,0,4425767,1956,0.52,TAG
orf6521,-,0,4427837,2856,0.578,TAA
orf6522,-,1,4428463,333,0.604,TAA
orf6523,-,1,4429759,417,0.576,TAA
orf6524,-,1,4430800,501,0.551,TAA
orf6525,-,2,4431282,1107,0.546,TAA
orf6526,-,2,4432395,2358,0.551,TAA
orf6527,-,1,4434763,2619,0.554,TGA
orf6528,-,0,4440302,300,0.527,TAA
orf6529,-,0,4441211,348,0.497,TAA
orf6530,-,1,4444009,1005,0.564,TAA
orf6531,-,2,4445010,984,0.56,TGA
orf6532,-,1,4446004,903,0.589,TAA
orf6533,-,1,4446916,1020,0.559,TAA
orf6534,-,1,4448086,1608,0.515,TAA
orf6535,-,1,4450045,345,0.467,TAA
orf6536,-,0,4450208,321,0.567,TAA
orf6537,-,1,4450606,1692,0.505,TAA
orf6538,-,2,4452552,531,0.512,TAA
orf6539,-,1,4453087,1056,0.476,TGA
orf6540,-,2,4454157,1329,0.512,TAA
orf6541,-,2,4455627,1104,0.514,TAG
orf6542,-,1,4456759,699,0.426,TGA
orf6543,-,0,4457510,537,0.466,TAA
orf6544,-,2,4458378,1203,0.512,TAG
orf6545,-,2,4459809,699,0.499,TAA
orf6546,-,1,4461634,2280,0.543,TAA
orf6547,-,2,4463388,318,0.538,TGA
orf6548,-,0,4465907,831,0.496,TAA
orf6549,-,2,4468497,2070,0.554,TAA
orf6550,-,0,4469375,321,0.548,TGA
orf6551,-,2,4470576,912,0.556,TAA
orf6552,-,1,4471582,300,0.473,TAA
orf6553,-,2,4473093,438,0.411,TAA
orf6554,-,2,4473576,354,0.41,TGA
orf6555,-,2,4474086,1455,0.545,TAA
orf6556,-,0,4475612,1335,0.5,TAA
orf6557,-,2,4480038,318,0.544,TAG
orf6558,-,0,4482434,825,0.472,TAA
orf6559,-,1,4487191,474,0.538,TGA
orf6560,-,1,4487908,816,0.526,TAG
orf6561,-,0,4490315,549,0.55,TAG
orf6562,-,2,4490712,348,0.534,TAA
orf6563,-,0,4491296,513,0.53,TGA
orf6564,-,0,4492460,741,0.489,TAA
orf6565,-,1,4494295,1137,0.507,TAA
orf6566,-,2,4495437,324,0.46,TAA
orf6567,-,1,4496305,1539,0.546,TGA
orf6568,-,2,4497951,1296,0.507,TAA
orf6569,-,2,4499376,1152,0.507,TAA
orf6570,-,0,4500716,1845,0.562,TAA
orf6571,-,1,4502557,1392,0.562,TGA
orf6572,-,0,4504046,609,0.525,TGA
orf6573,-,1,4504111,324,0.583,TAG
orf6574,-,0,4506623,567,0.6,TAA
orf6575,-,0,4507409,378,0.616,TAA
orf6576,-,0,4507937,495,0.618,TGA
orf6577,-,0,4511189,1137,0.527,TGA
orf6578,-,1,4512328,363,0.512,TAA
orf6579,-,2,4513353,495,0.554,TAA
orf6580,-,0,4513421,384,0.547,TAA
orf6581,-,2,4519569,552,0.493,TAA
orf6582,-,1,4520485,717,0.499,TGA
orf6583,-,1,4522297,312,0.529,TAA
orf6584,-,1,4524511,438,0.562,TAG
orf6585,-,2,4528572,822,0.532,TAA
orf6586,-,1,4529473,1020,0.568,TAA
orf6587,-,2,4530492,468,0.513,TGA
orf6588,-,0,4531415,432,0.498,TAA
orf6589,-,2,4533174,885,0.55,TGA
orf6590,-,1,4534132,432,0.593,TGA
orf6591,-,2,4534239,354,0.621,TAA
orf6592,-,0,4535897,1017,0.46,TAG
orf6593,-,2,4537152,1026,0.521,TAA
orf6594,-,2,4538187,1197,0.543,TGA
orf6595,-,1,4539658,873,0.369,TAG
orf6596,-,0,4545044,1143,0.37,TAA
orf6597,-,1,4546195,534,0.285,TAA
orf6598,-,1,4547233,708,0.308,TAA
orf6599,-,0,4547966,1008,0.312,TAA
orf6600,-,0,4549016,798,0.471,TAA
orf6601,-,2,4549806,1125,0.481,TGA
orf6602,-,0,4550927,1023,0.471,TGA
orf6603,-,2,4552818,336,0.554,TAG
orf6604,-,1,4553551,444,0.529,TGA
orf6605,-,2,4554201,810,0.54,TAA
orf6606,-,2,4555749,645,0.479,TAA
orf6607,-,2,4556481,333,0.538,TGA
orf6608,-,0,4558334,354,0.514,TGA
orf6609,-,0,4558985,657,0.533,TAA
orf6610,-,1,4559692,717,0.57,TGA
orf6611,-,1,4560862,345,0.588,TAG
orf6612,-,1,4563349,1683,0.528,TAG
orf6613,-,2,4567026,711,0.568,TGA
orf6614,-,2,4567881,786,0.543,TAG
orf6615,-,1,4571137,867,0.503,TAA
orf6616,-,2,4572006,1206,0.542,TAA
orf6617,-,0,4575500,408,0.534,TGA
orf6618,-,1,4576765,2319,0.518,TAA
orf6619,-,2,4577388,426,0.528,TGA
orf6620,-,1,4579093,1440,0.494,TAA
orf6621,-,1,4581064,318,0.484,TAG
orf6622,-,0,4583153,324,0.512,TGA
orf6623,-,2,4589256,747,0.544,TAA
orf6624,-,1,4590628,408,0.392,TAA
orf6625,-,1,4591042,939,0.475,TAA
orf6626,-,2,4592001,1125,0.471,TAA
orf6627,-,2,4593138,579,0.399,TAA
orf6628,-,1,4593775,1056,0.352,TGA
orf6629,-,1,4596457,2805,0.426,TAA
orf6630,-,2,4599321,471,0.348,TAA
orf6631,-,0,4599929,1677,0.49,TAA
orf6632,-,0,4602029,612,0.435,TAG
orf6633,-,0,4603487,507,0.406,TGA
orf6634,-,0,4604024,918,0.375,TAA
orf6635,-,1,4605313,378,0.354,TAG
orf6636,-,2,4605693,1341,0.444,TGA
orf6637,-,1,4607017,2028,0.405,TGA
orf6638,-,2,4609041,354,0.302,TGA
orf6639,-,2,4613766,414,0.365,TAG
orf6640,-,2,4614234,372,0.331,TAA
orf6641,-,0,4615256,1038,0.34,TAA
orf6642,-,2,4616286,777,0.335,TGA
orf6643,-,1,4617331,654,0.332,TGA
orf6644,-,0,4617989,696,0.282,TGA
orf6645,-,2,4618629,600,0.317,TGA
orf6646,-,0,4619225,324,0.315,TGA
orf6647,-,1,4619785,390,0.408,TAA
orf6648,-,2,4625508,819,0.468,TAA
orf6649,-,2,4626882,1239,0.527,TGA
orf6650,-,2,4629045,378,0.519,TGA
orf6651,-,1,4629082,480,0.519,TAA
orf6652,-,0,4629587,318,0.516,TAG
orf6653,-,1,4629925,1008,0.462,TGA
orf6654,-,1,4631155,300,0.517,TAA
orf6655,-,1,4632199,324,0.556,TAA
orf6656,-,1,4632907,1392,0.532,TAA
orf6657,-,2,4634436,1323,0.553,TGA
orf6658,-,2,4635765,1503,0.573,TAA
orf6659,-,0,4637267,591,0.58,TGA
orf6660,-,1,4638019,1104,0.351,TAA
orf6661,-,1,4639138,378,0.333,TAG
orf6662,-,0,4639730,483,0.35,TGA
orf6663,-,0,4640360,654,0.355,TGA
orf6664,-,2,4641570,1689,0.562,TAA
orf6665,-,0,4645028,402,0.585,TAA
orf6666,-,1,4645588,498,0.528,TGA
orf6667,-,2,4646082,363,0.504,TGA
orf6668,-,1,4646434,348,0.517,TAG
orf6669,-,0,4647386,1494,0.522,TGA
orf6670,-,1,4648876,1716,0.532,TGA
orf6671,-,1,4651648,1323,0.527,TAA
orf6672,-,2,4652970,1878,0.51,TAA
orf6673,-,2,4655595,1686,0.526,TAA
orf6674,-,2,4657452,435,0.485,TAA
orf6675,-,2,4657992,414,0.469,TAA
orf6676,-,2,4659045,1251,0.545,TAA
orf6677,-,1,4660423,492,0.516,TAA
orf6678,-,2,4662372,813,0.504,TAA
orf6679,-,2,4663299,399,0.509,TAA
orf6680,-,0,4663937,2415,0.55,TAA
orf6681,-,2,4666380,1074,0.547,TAA
orf6682,-,0,4667453,1101,0.546,TAA
orf6683,-,2,4668558,1335,0.538,TAA
orf6684,-,0,4671614,738,0.531,TGA
orf6685,-,0,4673879,387,0.574,TAG
orf6686,-,0,4674755,2004,0.364,TGA
orf6687,-,2,4678065,483,0.538,TAA
orf6688,-,1,4678195,522,0.571,TGA
orf6689,-,1,4680763,408,0.5,TGA
orf6690,-,0,4681340,465,0.551,TGA
orf6691,-,0,4683980,1338,0.539,TAA
orf6692,-,0,4685459,375,0.488,TAA
orf6693,-,2,4686285,2409,0.312,TAA
orf6694,-,2,4690650,2262,0.294,TAA
orf6695,-,2,4693560,726,0.521,TAG
orf6696,-,0,4694300,774,0.528,TGA
orf6697,-,1,4695256,891,0.565,TGA
orf6698,-,2,4696146,960,0.55,TAA
orf6699,-,0,4697192,1041,0.511,TAA
orf6700,-,2,4698444,1083,0.438,TAA
orf6701,-,2,4699554,1071,0.474,TAA
orf6702,-,0,4700636,2535,0.485,TAA
orf6703,-,1,4703494,384,0.38,TAG
orf6704,-,0,4703981,603,0.449,TAA
orf6705,-,0,4705283,1830,0.536,TAA
orf6706,-,1,4707274,1371,0.531,TGA
orf6707,-,1,4708996,420,0.55,TAA
orf6708,-,2,4709436,1383,0.55,TAA
orf6709,-,0,4710845,864,0.535,TAA
orf6710,-,1,4711759,1542,0.533,TAA
orf6711,-,1,4713313,534,0.511,TAA
orf6712,-,2,4713861,408,0.529,TAA
orf6713,-,0,4714679,816,0.504,TAA
orf6714,-,1,4715503,381,0.52,TAA
orf6715,-,0,4716500,537,0.495,TAA
orf6716,-,0,4717187,1890,0.544,TAA
orf6717,-,0,4719455,444,0.498,TAA
orf6718,-,1,4719988,459,0.508,TGA
orf6719,-,0,4721270,438,0.582,TGA
orf6720,-,2,4721595,1452,0.53,TAA
orf6721,-,0,4723040,1497,0.498,TAA
orf6722,-,0,4725758,363,0.518,TGA
orf6723,-,1,4725919,300,0.513,TGA
orf6724,-,2,4726923,300,0.483,TAA
orf6725,-,1,4728760,396,0.533,TAA
orf6726,-,0,4729952,384,0.521,TAA
orf6727,-,0,4732628,1428,0.49,TAA
orf6728,-,2,4734078,693,0.492,TGA
orf6729,-,1,4740571,627,0.486,TAA
orf6730,-,0,4741892,1551,0.506,TAA
orf6731,-,2,4745136,399,0.539,TGA
orf6732,-,1,4749604,426,0.577,TAA
orf6733,-,1,4750372,978,0.56,TGA
orf6734,-,2,4751400,618,0.552,TGA
orf6735,-,2,4753416,330,0.409,TGA
orf6736,-,2,4755024,498,0.524,TAA
orf6737,-,2,4755759,300,0.543,TGA
orf6738,-,1,4756150,1494,0.535,TAA
orf6739,-,1,4757770,1266,0.525,TAA
orf6740,-,0,4759160,393,0.514,TAA
orf6741,-,0,4765148,741,0.538,TAA
orf6742,-,1,4766998,381,0.535,TGA
orf6743,-,2,4768698,387,0.545,TAA
orf6744,-,2,4769352,504,0.563,TAA
orf6745,-,1,4773592,321,0.555,TGA
orf6746,-,0,4774475,390,0.528,TGA
orf6747,-,0,4777991,1656,0.528,TAA
orf6748,-,2,4780182,312,0.551,TGA
orf6749,-,0,4780325,1197,0.549,TAG
orf6750,-,1,4781524,1200,0.537,TAA
orf6751,-,1,4782745,741,0.53,TAA
orf6752,-,2,4783482,963,0.56,TGA
orf6753,-,2,4785261,324,0.512,TAA
orf6754,-,0,4786412,333,0.52,TAA
orf6755,-,0,4787396,321,0.539,TAA
orf6756,-,0,4790267,363,0.551,TGA
orf6757,-,1,4791283,663,0.576,TAA
orf6758,-,1,4793221,612,0.606,TAA
orf6759,-,2,4793847,903,0.48,TAA
orf6760,-,1,4794832,765,0.476,TAA
orf6761,-,1,4796023,441,0.51,TGA
orf6762,-,2,4796958,492,0.329,TAG
orf6763,-,0,4797446,849,0.314,TGA
orf6764,-,0,4798652,387,0.341,TAA
orf6765,-,0,4799600,888,0.507,TAA
orf6766,-,0,4800539,486,0.525,TGA
orf6767,-,1,4802599,375,0.579,TAA
orf6768,-,2,4803762,342,0.5,TAG
orf6769,-,0,4804748,621,0.515,TGA
orf6770,-,1,4805365,351,0.487,TGA
orf6771,-,0,4807391,504,0.536,TAG
orf6772,-,2,4808172,954,0.568,TAA
orf6773,-,1,4810408,399,0.559,TAG
orf6774,-,2,4811439,441,0.571,TGA
orf6775,-,1,4811662,870,0.533,TAA
orf6776,-,0,4816070,303,0.578,TGA
orf6777,-,1,4817092,300,0.517,TAG
orf6778,-,0,4818740,306,0.562,TAG
orf6779,-,1,4820641,489,0.501,TAA
orf6780,-,1,4821283,453,0.506,TAA
orf6781,-,0,4822982,330,0.527,TGA
orf6782,-,1,4823728,1164,0.577,TAA
orf6783,-,1,4824901,2190,0.552,TAA
orf6784,-,1,4827370,948,0.533,TAA
orf6785,-,0,4829315,324,0.568,TGA
orf6786,-,0,4830308,429,0.515,TGA
orf6787,-,0,4836857,528,0.487,TAA
orf6788,-,1,4837366,576,0.51,TGA
orf6789,-,2,4840353,429,0.427,TGA
orf6790,-,0,4841621,933,0.456,TAA
orf6791,-,1,4843144,342,0.553,TAA
orf6792,-,0,4844129,315,0.505,TAG
orf6793,-,0,4846085,597,0.531,TAA
orf6794,-,2,4848150,318,0.535,TAA
orf6795,-,2,4849779,1410,0.567,TGA
orf6796,-,0,4851200,1050,0.546,TAA
orf6797,-,1,4852423,1410,0.534,TAA
orf6798,-,1,4854484,1302,0.542,TGA
orf6799,-,1,4859401,759,0.42,TGA
orf6800,-,1,4860160,1404,0.447,TAA
orf6801,-,1,4861606,1386,0.527,TAA
orf6802,-,1,4863037,2037,0.535,TAA
orf6803,-,2,4865181,876,0.485,TAA
orf6804,-,2,4866117,903,0.482,TAA
orf6805,-,2,4867086,1242,0.532,TAA
orf6806,-,2,4868343,879,0.535,TAA
orf6807,-,0,4869245,897,0.556,TAA
orf6808,-,2,4874319,351,0.541,TAA
orf6809,-,1,4876309,306,0.415,TAA
orf6810,-,1,4878934,930,0.553,TAA
orf6811,-,2,4879860,636,0.524,TGA
orf6812,-,0,4880492,903,0.556,TGA
orf6813,-,0,4881407,2415,0.547,TAA
orf6814,-,0,4883870,588,0.558,TGA
orf6815,-,1,4885120,411,0.523,TGA
orf6816,-,2,4886742,1749,0.495,TGA
orf6817,-,0,4888490,1071,0.521,TAA
orf6818,-,2,4889550,1440,0.554,TGA
orf6819,-,1,4891000,579,0.485,TAA
orf6820,-,0,4893359,315,0.508,TAA
orf6821,-,0,4893683,897,0.555,TAA
orf6822,-,0,4894682,1260,0.56,TAA
orf6823,-,1,4895938,1470,0.548,TGA
orf6824,-,1,4898956,366,0.514,TAA
orf6825,-,2,4899450,792,0.521,TAA
orf6826,-,0,4900733,552,0.538,TAA
orf6827,-,0,4901615,318,0.531,TGA
orf6828,-,0,4902023,513,0.53,TAA
orf6829,-,1,4903561,1374,0.546,TAA
orf6830,-,2,4904931,699,0.516,TGA
orf6831,-,2,4907667,543,0.543,TAG
orf6832,-,2,4908981,306,0.536,TGA
orf6833,-,1,4910173,333,0.541,TGA
orf6834,-,1,4910698,768,0.527,TAA
orf6835,-,2,4911573,600,0.495,TGA
orf6836,-,0,4913684,747,0.527,TAA
orf6837,-,0,4914527,1011,0.562,TGA
orf6838,-,2,4915767,1530,0.541,TAA
orf6839,-,1,4917298,846,0.509,TAA
orf6840,-,0,4918853,717,0.427,TAA
orf6841,-,1,4919602,687,0.4,TGA
orf6842,-,2,4920336,486,0.519,TAA
orf6843,-,0,4920914,927,0.539,TAA
orf6844,-,0,4921907,1332,0.525,TAA
orf6845,-,0,4923248,450,0.511,TAA
orf6846,-,1,4923871,855,0.578,TGA
orf6847,-,0,4924922,993,0.518,TAA
orf6848,-,1,4926103,2271,0.566,TAA
orf6849,-,0,4930616,567,0.6,TAA
orf6850,-,0,4931402,378,0.616,TAA
orf6851,-,0,4931930,495,0.616,TGA
orf6852,-,1,4933354,315,0.413,TGA
orf6853,-,0,4934291,609,0.521,TAA
orf6854,-,1,4934959,318,0.519,TAA
orf6855,-,0,4935770,369,0.534,TAG
orf6856,-,2,4938690,303,0.587,TAA
orf6857,-,2,4939287,549,0.488,TAA
orf6858,-,1,4941052,465,0.574,TGA
orf6859,-,2,4943922,618,0.529,TAA
orf6860,-,2,4944813,1143,0.539,TAA
orf6861,-,1,4945927,663,0.537,TAA
orf6862,-,2,4946601,2502,0.551,TAA
orf6863,-,0,4949468,321,0.545,TGA
orf6864,-,2,4950822,591,0.525,TAA
orf6865,-,2,4953225,366,0.552,TAA
orf6866,-,2,4954347,852,0.532,TAA
orf6867,-,1,4955413,1734,0.502,TAA
orf6868,-,0,4956608,306,0.51,TGA
orf6869,-,2,4957329,2652,0.556,TAA
orf6870,-,0,4957802,318,0.572,TGA
orf6871,-,2,4960332,1191,0.51,TAA
orf6872,-,1,4963003,363,0.576,TAA
orf6873,-,2,4964097,306,0.542,TAA
orf6874,-,2,4965084,324,0.562,TAG
orf6875,-,2,4966026,1401,0.521,TAA
orf6876,-,1,4968304,528,0.544,TGA
orf6877,-,0,4971434,1101,0.511,TAA
orf6878,-,0,4983092,972,0.442,TAA
orf6879,-,1,4984945,975,0.528,TAA
orf6880,-,2,4991190,3186,0.529,TAA
orf6881,-,1,4994338,1542,0.543,TGA
orf6882,-,2,4994928,306,0.552,TGA
orf6883,-,1,4995931,1995,0.535,TAA
orf6884,-,0,4999559,1134,0.553,TGA
orf6885,-,1,5000689,987,0.578,TGA
orf6886,-,2,5001645,756,0.569,TAA
orf6887,-,1,5002393,636,0.579,TGA
orf6888,-,2,5002503,438,0.598,TGA
orf6889,-,2,5003028,1896,0.555,TGA
orf6890,-,1,5005156,477,0.493,TGA
orf6891,-,0,5007239,339,0.584,TAA
orf6892,-,2,5010087,567,0.517,TAA
orf6893,-,0,5012342,834,0.566,TAA
orf6894,-,1,5013445,1302,0.581,TAA
orf6895,-,2,5014746,1590,0.56,TAA
orf6896,-,1,5022079,444,0.534,TAA
orf6897,-,1,5022859,348,0.511,TGA
orf6898,-,0,5024237,444,0.534,TGA
orf6899,-,1,5026078,885,0.553,TGA
orf6900,-,1,5028169,387,0.532,TAA
orf6901,-,0,5028701,2187,0.378,TAA
orf6902,-,2,5031204,864,0.536,TGA
orf6903,-,1,5036503,402,0.6,TGA
orf6904,-,1,5037853,690,0.545,TAA
orf6905,-,0,5038925,1242,0.531,TAA
orf6906,-,0,5040206,654,0.563,TGA
orf6907,-,2,5041092,531,0.435,TAG
orf6908,-,0,5042744,414,0.56,TGA
orf6909,-,2,5047455,513,0.503,TAA
orf6910,-,0,5052164,336,0.613,TGA
orf6911,-,2,5053278,537,0.609,TGA
orf6912,-,0,5054825,315,0.546,TGA
orf6913,-,0,5055587,600,0.568,TGA
orf6914,-,2,5058003,324,0.586,TAA
orf6915,-,2,5059173,360,0.55,TAA
orf6916,-,0,5059790,375,0.579,TAA
orf6917,-,0,5060273,558,0.552,TGA
orf6918,-,2,5062893,927,0.562,TGA
orf6919,-,2,5066952,378,0.701,TGA
orf6920,-,1,5067853,342,0.544,TAA
orf6921,-,1,5068723,303,0.564,TGA
orf6922,-,2,5069322,699,0.597,TGA
orf6923,-,1,5069998,468,0.566,TGA
orf6924,-,2,5073624,633,0.423,TAA
orf6925,-,2,5076087,303,0.515,TAA
orf6926,-,1,5076091,426,0.509,TGA
orf6927,-,1,5077585,462,0.498,TAA
orf6928,-,2,5077998,465,0.402,TAA
orf6929,-,0,5079800,798,0.533,TAA
orf6930,-,1,5080663,495,0.459,TAA
orf6931,-,2,5081157,408,0.507,TGA
orf6932,-,2,5081574,807,0.515,TAA
orf6933,-,2,5082450,948,0.491,TAA
orf6934,-,0,5083802,528,0.532,TGA
orf6935,-,0,5085143,1350,0.541,TAA
orf6936,-,1,5087212,465,0.514,TAA
orf6937,-,1,5087839,408,0.52,TGA
orf6938,-,2,5089062,429,0.52,TAG
orf6939,-,2,5091510,300,0.52,TGA
orf6940,-,2,5091828,456,0.544,TAA
orf6941,-,2,5092689,381,0.559,TAA
orf6942,-,0,5093318,324,0.503,TAA
orf6943,-,1,5094052,1476,0.493,TAA
orf6944,-,2,5095899,891,0.551,TAA
orf6945,-,0,5096804,1560,0.529,TAA
orf6946,-,0,5098502,1191,0.51,TAA
orf6947,-,2,5100417,507,0.572,TAG
orf6948,-,2,5107224,2484,0.548,TAA
orf6949,-,2,5110482,426,0.507,TGA
orf6950,-,0,5111222,552,0.554,TGA
orf6951,-,2,5112669,516,0.533,TAA
orf6952,-,0,5115404,324,0.54,TAA
orf6953,-,2,5116401,1020,0.525,TAA
orf6954,-,0,5119163,384,0.539,TAA
orf6955,-,1,5121799,399,0.288,TAA
orf6956,-,0,5124194,2823,0.559,TAA
orf6957,-,1,5130205,324,0.512,TAG
orf6958,-,2,5131743,843,0.563,TAG
orf6959,-,1,5133295,543,0.584,TAA
orf6960,-,1,5134927,1293,0.329,TGA
orf6961,-,1,5136400,1650,0.55,TAA
orf6962,-,2,5138046,315,0.495,TGA
orf6963,-,0,5138561,1959,0.566,TAA
orf6964,-,1,5141443,750,0.521,TAA
orf6965,-,0,5143088,555,0.564,TAA
orf6966,-,1,5143735,519,0.57,TAA
orf6967,-,2,5144106,444,0.588,TAA
orf6968,-,1,5147524,819,0.526,TAA
orf6969,-,1,5149120,690,0.496,TAA
orf6970,-,1,5149903,1680,0.538,TAA
orf6971,-,1,5151631,420,0.545,TGA
orf6972,-,2,5152248,1467,0.558,TAA
orf6973,-,0,5153711,2052,0.545,TGA
orf6974,-,1,5154277,318,0.55,TGA
orf6975,-,1,5155762,1032,0.552,TAA
orf6976,-,0,5157296,1998,0.524,TAA
orf6977,-,2,5159514,309,0.511,TGA
orf6978,-,2,5160276,1002,0.578,TAA
orf6979,-,1,5161264,432,0.581,TAA
orf6980,-,0,5161274,861,0.548,TGA
orf6981,-,1,5162149,684,0.523,TGA
orf6982,-,1,5162887,942,0.562,TAA
orf6983,-,1,5163847,975,0.565,TAA
orf6984,-,2,5164818,1521,0.571,TGA
orf6985,-,1,5167384,657,0.58,TAG
orf6986,-,0,5169197,759,0.603,TGA
orf6987,-,0,5170379,558,0.6,TGA
orf6988,-,1,5170936,1137,0.616,TGA
orf6989,-,2,5172069,780,0.608,TGA
orf6990,-,0,5172860,759,0.611,TGA
orf6991,-,1,5173615,978,0.584,TGA
orf6992,-,0,5174453,1065,0.618,TAA
orf6993,-,1,5175517,585,0.632,TGA
orf6994,-,2,5176098,453,0.627,TGA
orf6995,-,2,5176551,726,0.623,TGA
orf6996,-,0,5177297,831,0.622,TGA
orf6997,-,0,5178182,1017,0.546,TAA
orf6998,-,0,5179223,789,0.592,TGA
orf6999,-,0,5180144,636,0.519,TAA
orf7000,-,0,5180846,336,0.461,TGA
orf7001,-,1,5182282,339,0.566,TAA
orf7002,-,1,5186629,1092,0.546,TAA
orf7003,-,1,5187730,669,0.532,TAA
orf7004,-,2,5188395,1674,0.499,TGA
orf7005,-,1,5190142,1338,0.544,TAA
orf7006,-,0,5190953,393,0.539,TGA
orf7007,-,0,5191616,762,0.411,TGA
orf7008,-,0,5192702,2271,0.528,TAA
orf7009,-,0,5195168,909,0.499,TAA
orf7010,-,0,5199377,630,0.551,TAA
orf7011,-,1,5200129,1647,0.543,TAA
orf7012,-,2,5201853,1341,0.522,TAA
orf7013,-,2,5203764,720,0.494,TAA
orf7014,-,0,5204480,1632,0.502,TGA
orf7015,-,2,5207649,1518,0.479,TAA
orf7016,-,0,5209403,1458,0.516,TAA
orf7017,-,2,5210919,2187,0.477,TAA
orf7018,-,1,5213146,1335,0.496,TAA
orf7019,-,2,5214846,1539,0.42,TAA
orf7020,-,2,5217183,501,0.549,TGA
orf7021,-,2,5217795,1779,0.539,TGA
orf7022,-,0,5219468,339,0.504,TGA
orf7023,-,2,5219922,1302,0.525,TAA
orf7024,-,2,5221341,1437,0.491,TAA
orf7025,-,0,5223176,300,0.48,TGA
orf7026,-,2,5223606,1257,0.517,TAA
orf7027,-,1,5225005,324,0.509,TGA
orf7028,-,0,5225135,318,0.491,TGA
orf7029,-,0,5227298,465,0.533,TAG
orf7030,-,0,5227805,870,0.451,TAA
orf7031,-,0,5228909,1029,0.531,TAA
orf7032,-,1,5230027,552,0.52,TAA
orf7033,-,2,5231469,534,0.537,TAG
orf7034,-,2,5232090,1263,0.506,TAA
orf7035,-,0,5233286,360,0.542,TAA
orf7036,-,2,5233656,396,0.49,TAA
orf7037,-,1,5234062,780,0.536,TAA
orf7038,-,0,5234789,1686,0.564,TGA
orf7039,-,1,5235286,537,0.561,TGA
orf7040,-,1,5239771,3300,0.558,TAA
orf7041,-,1,5243116,825,0.553,TAA
orf7042,-,1,5244181,906,0.544,TGA
orf7043,-,0,5245226,300,0.497,TAA
orf7044,-,2,5246652,1140,0.535,TGA
orf7045,-,2,5249001,351,0.564,TAA
orf7046,-,0,5251769,324,0.571,TAA
orf7047,-,0,5254190,453,0.508,TAG
orf7048,-,1,5254444,603,0.537,TAG
orf7049,-,2,5255196,510,0.529,TAA
orf7050,-,0,5261261,351,0.57,TAA
orf7051,-,0,5261873,525,0.558,TGA
orf7052,-,2,5262543,336,0.509,TAA
orf7053,-,0,5263109,519,0.59,TAA
orf7054,-,0,5268035,306,0.552,TAG
orf7055,-,1,5270167,429,0.469,TAA
orf7056,-,1,5271424,756,0.505,TAA
orf7057,-,2,5272287,1071,0.525,TAA
orf7058,-,0,5274713,300,0.547,TGA
orf7059,-,0,5275100,372,0.487,TAA
orf7060,-,1,5275918,1287,0.576,TAA
orf7061,-,0,5279474,333,0.505,TGA
orf7062,-,0,5280353,795,0.421,TAA
orf7063,-,2,5281770,432,0.458,TAG
orf7064,-,2,5283552,675,0.551,TAG
orf7065,-,1,5284384,687,0.552,TAA
orf7066,-,2,5286066,480,0.521,TGA
orf7067,-,0,5286794,663,0.531,TGA
orf7068,-,1,5287564,975,0.555,TGA
orf7069,-,2,5288637,861,0.538,TAG
orf7070,-,1,5290084,1953,0.498,TAA
orf7071,-,1,5294170,555,0.526,TAA
orf7072,-,2,5295351,1344,0.504,TAA
orf7073,-,1,5297017,666,0.539,TAG
orf7074,-,2,5297229,315,0.533,TGA
orf7075,-,1,5299636,639,0.546,TAA
orf7076,-,2,5299893,486,0.535,TGA
orf7077,-,1,5301508,1311,0.561,TAA
orf7078,-,2,5302374,336,0.554,TAG
orf7079,-,1,5303455,366,0.519,TGA
orf7080,-,1,5304601,531,0.512,TAA
orf7081,-,1,5306485,309,0.54,TAA
orf7082,-,1,5309044,447,0.51,TAA
orf7083,-,2,5310090,999,0.507,TAA
orf7084,-,1,5311531,732,0.553,TGA
orf7085,-,2,5312793,552,0.529,TAA
orf7086,-,2,5314140,330,0.548,TGA
orf7087,-,0,5314829,411,0.499,TAA
orf7088,-,0,5315405,465,0.508,TGA
orf7089,-,0,5316059,2139,0.535,TGA
orf7090,-,0,5318591,1656,0.532,TAA
orf7091,-,2,5320296,1422,0.549,TAA
orf7092,-,1,5321836,948,0.537,TGA
orf7093,-,2,5324739,519,0.52,TAA
orf7094,-,0,5326064,426,0.512,TAA
orf7095,-,0,5326523,462,0.491,TAA
orf7096,-,0,5326997,936,0.535,TAA
orf7097,-,2,5328351,396,0.472,TAA
orf7098,-,1,5328877,714,0.541,TAA
orf7099,-,2,5332803,1005,0.518,TAA
orf7100,-,0,5334431,504,0.5,TAA
orf7101,-,1,5335489,330,0.382,TGA
orf7102,-,0,5336378,2856,0.551,TAA
orf7103,-,1,5337772,303,0.545,TAG
orf7104,-,1,5339233,444,0.543,TAA
orf7105,-,2,5340030,1512,0.552,TAA
orf7106,-,0,5344151,1503,0.536,TAA
orf7107,-,0,5345783,1062,0.545,TGA
orf7108,-,0,5350718,378,0.394,TGA
orf7109,-,1,5352553,468,0.489,TAA
orf7110,-,1,5353138,360,0.508,TAA
orf7111,-,1,5353981,1317,0.396,TAA
orf7112,-,0,5355449,774,0.444,TAG
orf7113,-,0,5358806,1008,0.479,TAG
orf7114,-,2,5359644,324,0.42,TAA
orf7115,-,0,5360198,1104,0.385,TAA
orf7116,-,0,5361305,708,0.379,TAA
orf7117,-,0,5362019,1653,0.381,TAA
orf7118,-,2,5367192,330,0.491,TAA
orf7119,-,2,5375010,423,0.492,TGA
orf7120,-,0,5377376,534,0.537,TAA
orf7121,-,0,5378615,366,0.549,TAA
orf7122,-,1,5382727,573,0.567,TAA
orf7123,-,1,5383657,555,0.537,TGA
orf7124,-,1,5386408,351,0.479,TAA
orf7125,-,0,5387051,303,0.505,TAG
orf7126,-,2,5387817,390,0.487,TGA
orf7127,-,2,5388213,351,0.499,TGA
orf7128,-,0,5391521,981,0.48,TGA
orf7129,-,2,5392566,1215,0.442,TAA
orf7130,-,1,5393692,717,0.43,TAG
orf7131,-,1,5404774,1344,0.533,TAA
orf7132,-,1,5406502,1137,0.544,TAA
orf7133,-,2,5407788,513,0.554,TGA
orf7134,-,2,5410311,831,0.397,TAA
orf7135,-,1,5412199,546,0.515,TGA
orf7136,-,0,5413175,1173,0.561,TAA
orf7137,-,0,5414360,462,0.535,TAA
orf7138,-,1,5414818,696,0.524,TGA
orf7139,-,2,5415642,495,0.479,TAA
orf7140,-,2,5416458,5103,0.492,TAA
orf7141,-,1,5421910,1179,0.542,TAA
orf7142,-,0,5423156,990,0.445,TAA
orf7143,-,2,5424264,2208,0.354,TAG
orf7144,-,1,5427046,417,0.571,TGA
orf7145,-,1,5427823,1152,0.534,TAA
orf7146,-,0,5429090,1272,0.522,TAG
orf7147,-,2,5430402,1233,0.545,TGA
orf7148,-,1,5433301,1413,0.553,TAA
orf7149,-,2,5437290,342,0.553,TGA
orf7150,-,1,5437852,1755,0.417,TAA
orf7151,-,2,5439606,1506,0.502,TAA
orf7152,-,2,5441142,2433,0.494,TAA
orf7153,-,0,5445572,1041,0.544,TAA
orf7154,-,1,5446792,2166,0.561,TAA
orf7155,-,0,5449235,543,0.385,TAA
orf7156,-,0,5450432,348,0.523,TAA
orf7157,-,1,5450836,534,0.571,TAG
orf7158,-,0,5451719,1233,0.524,TAA
orf7159,-,2,5453295,915,0.471,TAA
orf7160,-,1,5455507,1650,0.507,TAA
orf7161,-,0,5458052,498,0.502,TGA
orf7162,-,0,5458595,738,0.509,TAA
orf7163,-,1,5459335,540,0.565,TAA
orf7164,-,2,5459883,345,0.481,TGA
orf7165,-,0,5459981,474,0.517,TAA
orf7166,-,1,5460445,834,0.508,TGA
orf7167,-,2,5463234,789,0.527,TGA
orf7168,-,1,5464714,1032,0.556,TAA
orf7169,-,2,5465634,306,0.536,TAG
orf7170,-,1,5467195,1065,0.535,TGA
orf7171,-,2,5469408,501,0.513,TGA
orf7172,-,0,5472173,348,0.572,TGA
orf7173,-,2,5472522,864,0.56,TGA
orf7174,-,2,5473638,1269,0.528,TGA
orf7175,-,1,5475448,369,0.542,TAG
orf7176,-,1,5476543,900,0.561,TGA
orf7177,-,2,5478699,396,0.495,TAA
orf7178,-,0,5479898,1689,0.569,TAA
orf7179,-,1,5479915,366,0.596,TAG
orf7180,-,1,5481913,507,0.582,TGA
orf7181,-,0,5482247,315,0.562,TAA
orf7182,-,0,5485652,1647,0.553,TAA
orf7183,-,1,5486428,447,0.584,TGA
orf7184,-,2,5489643,357,0.535,TAG
orf7185,-,2,5490030,522,0.552,TAA
orf7186,-,0,5491238,870,0.531,TAA
orf7187,-,1,5494741,489,0.507,TGA
orf7188,-,2,5496387,717,0.509,TAA
orf7189,-,0,5497532,354,0.441,TAA
